music_code,artist,title,music_path
1,DK (디셈버),깊은밤 슬픈노래,C:\Users\ChiYeon\OneDrive\Desktop\노래\
2,2BIC(투빅),그대와 나만,C:\Users\ChiYeon\OneDrive\Desktop\노래\
3,40,듣는편지,C:\Users\ChiYeon\OneDrive\Desktop\노래\
4,5 Seconds Of Summer,Want You Back,C:\Users\ChiYeon\OneDrive\Desktop\노래\
5,5 Seconds Of Summer,Amnesia,C:\Users\ChiYeon\OneDrive\Desktop\노래\
6,5 Seconds Of Summer,Youngblood,C:\Users\ChiYeon\OneDrive\Desktop\노래\
7,Aaron Carter,Sooner Or Later,C:\Users\ChiYeon\OneDrive\Desktop\노래\
8,Adam Levine,No One Else Like You,C:\Users\ChiYeon\OneDrive\Desktop\노래\
9,Adele,Rolling In The Deep,C:\Users\ChiYeon\OneDrive\Desktop\노래\
10,Aerosmith,Crazy,C:\Users\ChiYeon\OneDrive\Desktop\노래\
11,aimyon,Harunohi,C:\Users\ChiYeon\OneDrive\Desktop\노래\
12,aimyon,Marigold,C:\Users\ChiYeon\OneDrive\Desktop\노래\
13,Al Lewis,Make a Little Room (Radio Edit),C:\Users\ChiYeon\OneDrive\Desktop\노래\
14,Alan Walker,All Falls Down (Feat,C:\Users\ChiYeon\OneDrive\Desktop\노래\
15,Alan Walker,Alone,C:\Users\ChiYeon\OneDrive\Desktop\노래\
16,Alan Walker,Faded,C:\Users\ChiYeon\OneDrive\Desktop\노래\
17,Amuro Namie,Four Seasons (from BEST AL`Ballada`),C:\Users\ChiYeon\OneDrive\Desktop\노래\
18,Andy Grammer,"Honey, I`m Good",C:\Users\ChiYeon\OneDrive\Desktop\노래\
19,Anna Of The North,Dream Girl,C:\Users\ChiYeon\OneDrive\Desktop\노래\
20,Anne-Marie,2002,C:\Users\ChiYeon\OneDrive\Desktop\노래\
21,Anne-Marie,Birthday,C:\Users\ChiYeon\OneDrive\Desktop\노래\
22,Anne-Marie,Perfect To Me,C:\Users\ChiYeon\OneDrive\Desktop\노래\
23,Anne-Marie,To Be Young (Feat,C:\Users\ChiYeon\OneDrive\Desktop\노래\
24,"Ariana Grande,Justin Bieber",Stuck with U,C:\Users\ChiYeon\OneDrive\Desktop\노래\
25,"Ariana Grande,Social House",boyfriend,C:\Users\ChiYeon\OneDrive\Desktop\노래\
26,Ariana Grande,Santa Tell Me,C:\Users\ChiYeon\OneDrive\Desktop\노래\
27,Ariana Grande,Problem (Feat,C:\Users\ChiYeon\OneDrive\Desktop\노래\
28,Ariana Grande,God is a woman,C:\Users\ChiYeon\OneDrive\Desktop\노래\
29,Ariana Grande,Side To Side (Feat,C:\Users\ChiYeon\OneDrive\Desktop\노래\
30,Ariana Grande,breathin,C:\Users\ChiYeon\OneDrive\Desktop\노래\
31,Ariana Grande,Daydreamin`,C:\Users\ChiYeon\OneDrive\Desktop\노래\
32,Ariana Grande,imagine,C:\Users\ChiYeon\OneDrive\Desktop\노래\
33,Ariana Grande,Last Christmas,C:\Users\ChiYeon\OneDrive\Desktop\노래\
34,Ariana Grande,My Everything,C:\Users\ChiYeon\OneDrive\Desktop\노래\
35,Ariana Grande,NASA,C:\Users\ChiYeon\OneDrive\Desktop\노래\
36,Ariana Grande,"thank u, next",C:\Users\ChiYeon\OneDrive\Desktop\노래\
37,Arizona Zervas,24,C:\Users\ChiYeon\OneDrive\Desktop\노래\
38,Avicii,The Days (Feat,C:\Users\ChiYeon\OneDrive\Desktop\노래\
39,Avicii,Lay Me Down,C:\Users\ChiYeon\OneDrive\Desktop\노래\
40,Avicii,Lonely Together (Feat,C:\Users\ChiYeon\OneDrive\Desktop\노래\
41,Avicii,The Nights,C:\Users\ChiYeon\OneDrive\Desktop\노래\
42,Avicii,Heaven,C:\Users\ChiYeon\OneDrive\Desktop\노래\
43,Avicii,Hold The Line (Feat,C:\Users\ChiYeon\OneDrive\Desktop\노래\
44,Avicii,SOS (Feat,C:\Users\ChiYeon\OneDrive\Desktop\노래\
45,Avicii,Wake Me Up (Radio Edit),C:\Users\ChiYeon\OneDrive\Desktop\노래\
46,Avril Lavigne,Fly,C:\Users\ChiYeon\OneDrive\Desktop\노래\
47,Avril Lavigne,Girlfriend (Feat,C:\Users\ChiYeon\OneDrive\Desktop\노래\
48,Avril Lavigne,He Wasn`t,C:\Users\ChiYeon\OneDrive\Desktop\노래\
49,Avril Lavigne,Sk8er Boi,C:\Users\ChiYeon\OneDrive\Desktop\노래\
50,Avril Lavigne,What The Hell,C:\Users\ChiYeon\OneDrive\Desktop\노래\
51,Avril Lavigne,Complicated,C:\Users\ChiYeon\OneDrive\Desktop\노래\
52,Avril Lavigne,Smile,C:\Users\ChiYeon\OneDrive\Desktop\노래\
53,Avril Lavigne,Wish You Were Here,C:\Users\ChiYeon\OneDrive\Desktop\노래\
54,Avril Lavigne,Tomorrow,C:\Users\ChiYeon\OneDrive\Desktop\노래\
55,Avril Lavigne,Anything But Ordinary,C:\Users\ChiYeon\OneDrive\Desktop\노래\
56,Avril Lavigne,When You`re Gone (Acoustic Ver,C:\Users\ChiYeon\OneDrive\Desktop\노래\
57,Avril Lavigne,Freak Out,C:\Users\ChiYeon\OneDrive\Desktop\노래\
58,Avril Lavigne,Imagine (Album Ver,C:\Users\ChiYeon\OneDrive\Desktop\노래\
59,Avril Lavigne,Nobody's Fool,C:\Users\ChiYeon\OneDrive\Desktop\노래\
60,Avril Lavigne,Bad Reputation,C:\Users\ChiYeon\OneDrive\Desktop\노래\
61,Avril Lavigne,Bigger Wow,C:\Users\ChiYeon\OneDrive\Desktop\노래\
62,Avril Lavigne,Birdie,C:\Users\ChiYeon\OneDrive\Desktop\노래\
63,Avril Lavigne,Head Above Water,C:\Users\ChiYeon\OneDrive\Desktop\노래\
64,Avril Lavigne,I Always Get What I Want,C:\Users\ChiYeon\OneDrive\Desktop\노래\
65,Avril Lavigne,My World,C:\Users\ChiYeon\OneDrive\Desktop\노래\
66,B.O.B.,Nothin` On You (Feat,C:\Users\ChiYeon\OneDrive\Desktop\노래\
67,B.O.B.,Castles (Feat,C:\Users\ChiYeon\OneDrive\Desktop\노래\
68,Backstreet Boys,Just Want You To Know,C:\Users\ChiYeon\OneDrive\Desktop\노래\
69,Basic Tape,Melody,C:\Users\ChiYeon\OneDrive\Desktop\노래\
70,Basic Tape,So Good,C:\Users\ChiYeon\OneDrive\Desktop\노래\
71,"Benny Blanco,Halsey,Khalid",Eastside,C:\Users\ChiYeon\OneDrive\Desktop\노래\
72,Beyonc,Love On Top,C:\Users\ChiYeon\OneDrive\Desktop\노래\
73,Beyonce Knowles,Honesty,C:\Users\ChiYeon\OneDrive\Desktop\노래\
74,Beyonc?,Halo,C:\Users\ChiYeon\OneDrive\Desktop\노래\
75,Beyonc?,If I Were A Boy,C:\Users\ChiYeon\OneDrive\Desktop\노래\
76,Beyonc?,Single Ladies (Put A Ring On It),C:\Users\ChiYeon\OneDrive\Desktop\노래\
77,Billie Eilish,bad guy,C:\Users\ChiYeon\OneDrive\Desktop\노래\
78,"Billy Preston,The Beatles",Get Back (Remastered 2015),C:\Users\ChiYeon\OneDrive\Desktop\노래\
79,Bishop Briggs,JEKYLL & HIDE,C:\Users\ChiYeon\OneDrive\Desktop\노래\
80,Bishop Briggs,Wild Horses (Acoustic),C:\Users\ChiYeon\OneDrive\Desktop\노래\
81,Boys Like Girls,Heart Heart Heartbreak,C:\Users\ChiYeon\OneDrive\Desktop\노래\
82,Boys Like Girls,The Great Escape,C:\Users\ChiYeon\OneDrive\Desktop\노래\
83,Boys Like Girls,Love Drunk,C:\Users\ChiYeon\OneDrive\Desktop\노래\
84,Boys Like Girls,She`s Got A Boyfriend Now,C:\Users\ChiYeon\OneDrive\Desktop\노래\
85,Boys Like Girls,Two Is Better Than One (Feat,C:\Users\ChiYeon\OneDrive\Desktop\노래\
86,Boys Like Girls,Crazy World,C:\Users\ChiYeon\OneDrive\Desktop\노래\
87,Boys Like Girls,Life Of The Party,C:\Users\ChiYeon\OneDrive\Desktop\노래\
88,"Boyz II Men,Mariah Carey",One Sweet Day (with Boyz II Men),C:\Users\ChiYeon\OneDrive\Desktop\노래\
89,Boyz II Men,Why Do Fools Fall In Love (Feat,C:\Users\ChiYeon\OneDrive\Desktop\노래\
90,Britney Spears,My Only Wish (This Year),C:\Users\ChiYeon\OneDrive\Desktop\노래\
91,Britney Spears,Toxic,C:\Users\ChiYeon\OneDrive\Desktop\노래\
92,Britney Spears,Lucky,C:\Users\ChiYeon\OneDrive\Desktop\노래\
93,"Bruno Mars,David Guetta",Versace On The Floor (Bruno Mars vs,C:\Users\ChiYeon\OneDrive\Desktop\노래\
94,Bruno Mars,Finesse (Remix) (Feat,C:\Users\ChiYeon\OneDrive\Desktop\노래\
95,Bruno Mars,Grenade,C:\Users\ChiYeon\OneDrive\Desktop\노래\
96,Bruno Mars,Just The Way You Are,C:\Users\ChiYeon\OneDrive\Desktop\노래\
97,Bruno Mars,Locked Out Of Heaven,C:\Users\ChiYeon\OneDrive\Desktop\노래\
98,Bruno Mars,Runaway Baby,C:\Users\ChiYeon\OneDrive\Desktop\노래\
99,Bruno Mars,That`s What I Like,C:\Users\ChiYeon\OneDrive\Desktop\노래\
100,Bruno Mars,Treasure,C:\Users\ChiYeon\OneDrive\Desktop\노래\
101,Bruno Mars,Marry You,C:\Users\ChiYeon\OneDrive\Desktop\노래\
102,Bruno Mars,The Lazy Song,C:\Users\ChiYeon\OneDrive\Desktop\노래\
103,Bruno Mars,When I Was Your Man,C:\Users\ChiYeon\OneDrive\Desktop\노래\
104,Bruno Mars,Count On Me,C:\Users\ChiYeon\OneDrive\Desktop\노래\
105,Bruno Mars,It Will Rain,C:\Users\ChiYeon\OneDrive\Desktop\노래\
106,Bruno Mars,Too Good To Say Goodbye,C:\Users\ChiYeon\OneDrive\Desktop\노래\
107,"Calvin Harris,Dua Lipa",One Kiss,C:\Users\ChiYeon\OneDrive\Desktop\노래\
108,Calvin Harris,This Is What You Came For (Feat,C:\Users\ChiYeon\OneDrive\Desktop\노래\
109,Calvin Harris,Slide (Feat,C:\Users\ChiYeon\OneDrive\Desktop\노래\
110,Calvin Harris,Summer,C:\Users\ChiYeon\OneDrive\Desktop\노래\
111,Calvin Harris,Feels (Feat,C:\Users\ChiYeon\OneDrive\Desktop\노래\
112,Calvin Harris,Outside (Feat,C:\Users\ChiYeon\OneDrive\Desktop\노래\
113,"Camila Cabello,Machine Gun Kelly",Bad Things,C:\Users\ChiYeon\OneDrive\Desktop\노래\
114,Camila Cabello,Havana (Feat,C:\Users\ChiYeon\OneDrive\Desktop\노래\
115,Camila Cabello,Real Friends,C:\Users\ChiYeon\OneDrive\Desktop\노래\
116,Camila Cabello,Easy,C:\Users\ChiYeon\OneDrive\Desktop\노래\
117,Camila Cabello,Liar,C:\Users\ChiYeon\OneDrive\Desktop\노래\
118,Camila Cabello,Shameless,C:\Users\ChiYeon\OneDrive\Desktop\노래\
119,Camille,Le Festin (From RatatouilleSoundtrack Ver,C:\Users\ChiYeon\OneDrive\Desktop\노래\
120,"Cardi B,Bruno Mars",Please Me,C:\Users\ChiYeon\OneDrive\Desktop\노래\
121,Carly Rae Jepsen,Call Me Maybe,C:\Users\ChiYeon\OneDrive\Desktop\노래\
122,Carly Rae Jepsen,Beautiful (With Justin Bieber),C:\Users\ChiYeon\OneDrive\Desktop\노래\
123,Carly Rae Jepsen,Party For One,C:\Users\ChiYeon\OneDrive\Desktop\노래\
124,"Chad Cooper,Robaer,Kepler",Happy Song,C:\Users\ChiYeon\OneDrive\Desktop\노래\
125,"Charli XCX,Troye Sivan",1999,C:\Users\ChiYeon\OneDrive\Desktop\노래\
126,Charli XCX,Boys,C:\Users\ChiYeon\OneDrive\Desktop\노래\
127,"Charlie Puth,Wiz Khalifa",See You Again (폴 워커 추모 엔딩곡) (분노의 질주 ; 더 세븐 (Fast & Furious 7) OST),C:\Users\ChiYeon\OneDrive\Desktop\노래\
128,Charlie Puth,Attention,C:\Users\ChiYeon\OneDrive\Desktop\노래\
129,Charlie Puth,One Call Away,C:\Users\ChiYeon\OneDrive\Desktop\노래\
130,Charlie Puth,How Long,C:\Users\ChiYeon\OneDrive\Desktop\노래\
131,Charlie Puth,Marvin Gaye (Feat,C:\Users\ChiYeon\OneDrive\Desktop\노래\
132,Charlie Puth,Change (Feat,C:\Users\ChiYeon\OneDrive\Desktop\노래\
133,Charlie Puth,We Don`t Talk Anymore (Feat,C:\Users\ChiYeon\OneDrive\Desktop\노래\
134,Charlie Puth,Patient,C:\Users\ChiYeon\OneDrive\Desktop\노래\
135,Charlie Puth,Up All Night,C:\Users\ChiYeon\OneDrive\Desktop\노래\
136,Charlie Puth,Left Right Left,C:\Users\ChiYeon\OneDrive\Desktop\노래\
137,Charlie Puth,As You Are (Feat,C:\Users\ChiYeon\OneDrive\Desktop\노래\
138,Charlie Puth,I Won`t Tell A Soul,C:\Users\ChiYeon\OneDrive\Desktop\노래\
139,Charlie Puth,Losing My Mind,C:\Users\ChiYeon\OneDrive\Desktop\노래\
140,Charlie Puth,Slow It Down,C:\Users\ChiYeon\OneDrive\Desktop\노래\
141,Charlie Puth,Some Type Of Love,C:\Users\ChiYeon\OneDrive\Desktop\노래\
142,Charlie Puth,The Way I Am (Acoustic),C:\Users\ChiYeon\OneDrive\Desktop\노래\
143,Charlie Puth,Then There`s You,C:\Users\ChiYeon\OneDrive\Desktop\노래\
144,"Chris Brown,Skye",Fairytale,C:\Users\ChiYeon\OneDrive\Desktop\노래\
145,Chris Brown,Don`t Slow Me Down,C:\Users\ChiYeon\OneDrive\Desktop\노래\
146,Chris Brown,Fine China,C:\Users\ChiYeon\OneDrive\Desktop\노래\
147,Chris Brown,New Flame (Feat,C:\Users\ChiYeon\OneDrive\Desktop\노래\
148,Chris Brown,Privacy,C:\Users\ChiYeon\OneDrive\Desktop\노래\
149,Chris Brown,With You (Main Ver,C:\Users\ChiYeon\OneDrive\Desktop\노래\
150,Chris Brown,Indigo,C:\Users\ChiYeon\OneDrive\Desktop\노래\
151,Chris Brown,Loyal (Feat,C:\Users\ChiYeon\OneDrive\Desktop\노래\
152,Chris Brown,Undecided,C:\Users\ChiYeon\OneDrive\Desktop\노래\
153,Cody Simpson,Angel,C:\Users\ChiYeon\OneDrive\Desktop\노래\
154,Cody Simpson,Imma Be Cool (Feat,C:\Users\ChiYeon\OneDrive\Desktop\노래\
155,Cody Simpson,Love (Feat,C:\Users\ChiYeon\OneDrive\Desktop\노래\
156,Cody Simpson,Summertime Of Our Lives,C:\Users\ChiYeon\OneDrive\Desktop\노래\
157,Coldplay,Hypnotised,C:\Users\ChiYeon\OneDrive\Desktop\노래\
158,Coldplay,The Scientist,C:\Users\ChiYeon\OneDrive\Desktop\노래\
159,Coldplay,Miracles,C:\Users\ChiYeon\OneDrive\Desktop\노래\
160,"Cosmo's Midnight,Ruel",Down for You,C:\Users\ChiYeon\OneDrive\Desktop\노래\
161,Courtney John,Lucky Man,C:\Users\ChiYeon\OneDrive\Desktop\노래\
162,Craig David,7 Days,C:\Users\ChiYeon\OneDrive\Desktop\노래\
163,Craig David,Insomnia,C:\Users\ChiYeon\OneDrive\Desktop\노래\
164,Craig David,Officially Yours,C:\Users\ChiYeon\OneDrive\Desktop\노래\
165,Craig David,This Could Be Love,C:\Users\ChiYeon\OneDrive\Desktop\노래\
166,Craig David,Let`s Stay Together,C:\Users\ChiYeon\OneDrive\Desktop\노래\
167,Crush,잊어버리지마 (Feat,C:\Users\ChiYeon\OneDrive\Desktop\노래\
168,Daft Punk,Get Lucky (Feat,C:\Users\ChiYeon\OneDrive\Desktop\노래\
169,"Dan + Shay,Justin Bieber","10,000 Hours",C:\Users\ChiYeon\OneDrive\Desktop\노래\
170,David Guetta,Titanium (Feat,C:\Users\ChiYeon\OneDrive\Desktop\노래\
171,David Guetta,Play Hard (Feat,C:\Users\ChiYeon\OneDrive\Desktop\노래\
172,David Pfeffer,Move On,C:\Users\ChiYeon\OneDrive\Desktop\노래\
173,DEAN,instagram,C:\Users\ChiYeon\OneDrive\Desktop\노래\
174,DEAN,D (half moon)  (Feat,C:\Users\ChiYeon\OneDrive\Desktop\노래\
175,Decoy!,Inside My Head (Feat,C:\Users\ChiYeon\OneDrive\Desktop\노래\
176,desktop.ini,,C:\Users\ChiYeon\OneDrive\Desktop\노래\
177,"Digital Farm Animals,Cash Cash",Millionaire (Feat,C:\Users\ChiYeon\OneDrive\Desktop\노래\
178,"Dimitri Vegas & Like Mike,Steve Aoki,Ummet Ozcan",Melody,C:\Users\ChiYeon\OneDrive\Desktop\노래\
179,DJ DOC,DOC와 춤을,C:\Users\ChiYeon\OneDrive\Desktop\노래\
180,DJ Khaled,No Brainer (Feat,C:\Users\ChiYeon\OneDrive\Desktop\노래\
181,DJ Khaled,Wild Thoughts (Feat,C:\Users\ChiYeon\OneDrive\Desktop\노래\
182,DJ Khaled,I`m The One (Feat,C:\Users\ChiYeon\OneDrive\Desktop\노래\
183,DJ Khaled,GREECE (Feat,C:\Users\ChiYeon\OneDrive\Desktop\노래\
184,DJ Snake,Let Me Love You (Feat,C:\Users\ChiYeon\OneDrive\Desktop\노래\
185,DNCE,DANCE,C:\Users\ChiYeon\OneDrive\Desktop\노래\
186,DNCE,TV In The Morning,C:\Users\ChiYeon\OneDrive\Desktop\노래\
187,DNCE,Cake By The Ocean,C:\Users\ChiYeon\OneDrive\Desktop\노래\
188,Dolly Parton,9 To 5,C:\Users\ChiYeon\OneDrive\Desktop\노래\
189,Drake,Nice For What,C:\Users\ChiYeon\OneDrive\Desktop\노래\
190,Drake,One Dance? (Feat,C:\Users\ChiYeon\OneDrive\Desktop\노래\
191,Dua Lipa,Break My Heart,C:\Users\ChiYeon\OneDrive\Desktop\노래\
192,Dua Lipa,Don't Start Now,C:\Users\ChiYeon\OneDrive\Desktop\노래\
193,"Ed Sheeran,Bruno Mars,Chris Stapleton",BLOW,C:\Users\ChiYeon\OneDrive\Desktop\노래\
194,"Ed Sheeran,Justin Bieber",I Don't Care,C:\Users\ChiYeon\OneDrive\Desktop\노래\
195,Ed Sheeran,One,C:\Users\ChiYeon\OneDrive\Desktop\노래\
196,Ed Sheeran,Cold Coffee,C:\Users\ChiYeon\OneDrive\Desktop\노래\
197,Ed Sheeran,Shape of You,C:\Users\ChiYeon\OneDrive\Desktop\노래\
198,Ed Sheeran,Perfect,C:\Users\ChiYeon\OneDrive\Desktop\노래\
199,Ed Sheeran,She,C:\Users\ChiYeon\OneDrive\Desktop\노래\
200,Ed Sheeran,Photograph,C:\Users\ChiYeon\OneDrive\Desktop\노래\
201,Ed Sheeran,Thinking Out Loud,C:\Users\ChiYeon\OneDrive\Desktop\노래\
202,Ed Sheeran,New York,C:\Users\ChiYeon\OneDrive\Desktop\노래\
203,Ed Sheeran,Beautiful People (Feat,C:\Users\ChiYeon\OneDrive\Desktop\노래\
204,Ed Sheeran,Best Part of Me (Feat,C:\Users\ChiYeon\OneDrive\Desktop\노래\
205,Ed Sheeran,Drunk,C:\Users\ChiYeon\OneDrive\Desktop\노래\
206,Ed Sheeran,Happier (Acoustic),C:\Users\ChiYeon\OneDrive\Desktop\노래\
207,Ed Sheeran,Remember The Name (Feat,C:\Users\ChiYeon\OneDrive\Desktop\노래\
208,Ed Sheeran,South of the Border (Feat,C:\Users\ChiYeon\OneDrive\Desktop\노래\
209,Ed Sheeran,The A Team,C:\Users\ChiYeon\OneDrive\Desktop\노래\
210,Electric Light Orchestra,Mr,C:\Users\ChiYeon\OneDrive\Desktop\노래\
211,"Eminem,Beyonce",Walk On Water,C:\Users\ChiYeon\OneDrive\Desktop\노래\
212,Eminem,The Monster (Feat,C:\Users\ChiYeon\OneDrive\Desktop\노래\
213,Eminem,Without Me (Album Ver,C:\Users\ChiYeon\OneDrive\Desktop\노래\
214,Eminem,Lucky You (Feat,C:\Users\ChiYeon\OneDrive\Desktop\노래\
215,Eminem,River (Feat,C:\Users\ChiYeon\OneDrive\Desktop\노래\
216,Eminem,Love The Way You Lie (Feat,C:\Users\ChiYeon\OneDrive\Desktop\노래\
217,Eminem,Godzilla (Feat,C:\Users\ChiYeon\OneDrive\Desktop\노래\
218,Fall Out Boy,Centuries,C:\Users\ChiYeon\OneDrive\Desktop\노래\
219,Fall Out Boy,The Phoenix,C:\Users\ChiYeon\OneDrive\Desktop\노래\
220,Fall Out Boy,Alone Together,C:\Users\ChiYeon\OneDrive\Desktop\노래\
221,Flo Rida,GDFR (Feat,C:\Users\ChiYeon\OneDrive\Desktop\노래\
222,Flo Rida,"I Don`t Like It, I Love It (Feat",C:\Users\ChiYeon\OneDrive\Desktop\노래\
223,Flo Rida,Whistle,C:\Users\ChiYeon\OneDrive\Desktop\노래\
224,Flo Rida,My House,C:\Users\ChiYeon\OneDrive\Desktop\노래\
225,Flo Rida,Wobble,C:\Users\ChiYeon\OneDrive\Desktop\노래\
226,Fujita Emi,Wishes,C:\Users\ChiYeon\OneDrive\Desktop\노래\
227,Fun.,We Are Young (Feat,C:\Users\ChiYeon\OneDrive\Desktop\노래\
228,G-Eazy,Sober (Feat,C:\Users\ChiYeon\OneDrive\Desktop\노래\
229,Gary,또 하루 (Feat,C:\Users\ChiYeon\OneDrive\Desktop\노래\
230,god,웃픈 하루,C:\Users\ChiYeon\OneDrive\Desktop\노래\
231,Green Day,American Idiot,C:\Users\ChiYeon\OneDrive\Desktop\노래\
232,Green Day,Bang Bang,C:\Users\ChiYeon\OneDrive\Desktop\노래\
233,Green Day,Revolution Radio,C:\Users\ChiYeon\OneDrive\Desktop\노래\
234,Green Day,Castaway,C:\Users\ChiYeon\OneDrive\Desktop\노래\
235,Green Day,Basket Case,C:\Users\ChiYeon\OneDrive\Desktop\노래\
236,Green Day,Minority,C:\Users\ChiYeon\OneDrive\Desktop\노래\
237,Green Day,Nuclear Family,C:\Users\ChiYeon\OneDrive\Desktop\노래\
238,Green Day,Wake Me Up When September Ends (Album Version),C:\Users\ChiYeon\OneDrive\Desktop\노래\
239,"Hailee Steinfeld,Alesso",Let Me Go (Feat,C:\Users\ChiYeon\OneDrive\Desktop\노래\
240,"Hailee Steinfeld,Zedd,Grey",Starving?(Feat,C:\Users\ChiYeon\OneDrive\Desktop\노래\
241,Halsey,Alone (Feat,C:\Users\ChiYeon\OneDrive\Desktop\노래\
242,Halsey,Without Me,C:\Users\ChiYeon\OneDrive\Desktop\노래\
243,Halsey,Ashley,C:\Users\ChiYeon\OneDrive\Desktop\노래\
244,Halsey,clementine,C:\Users\ChiYeon\OneDrive\Desktop\노래\
245,Halsey,Finally  beautiful stranger,C:\Users\ChiYeon\OneDrive\Desktop\노래\
246,Halsey,Graveyard,C:\Users\ChiYeon\OneDrive\Desktop\노래\
247,Halsey,Nightmare,C:\Users\ChiYeon\OneDrive\Desktop\노래\
248,Halsey,You should be sad,C:\Users\ChiYeon\OneDrive\Desktop\노래\
249,HAON(김하온),붕붕 (Feat,C:\Users\ChiYeon\OneDrive\Desktop\노래\
250,Harry Styles,Sign Of The Times,C:\Users\ChiYeon\OneDrive\Desktop\노래\
251,Harry Styles,Carolina,C:\Users\ChiYeon\OneDrive\Desktop\노래\
252,Harry Styles,Ever Since New York,C:\Users\ChiYeon\OneDrive\Desktop\노래\
253,Harvard,Clean & Dirty,C:\Users\ChiYeon\OneDrive\Desktop\노래\
254,Hiroki Ishiguro,Three Days Memory,C:\Users\ChiYeon\OneDrive\Desktop\노래\
255,Homme,남자니까 웃는거야,C:\Users\ChiYeon\OneDrive\Desktop\노래\
256,Homme,너 내게로 와라,C:\Users\ChiYeon\OneDrive\Desktop\노래\
257,Homme,밥만 잘 먹더라,C:\Users\ChiYeon\OneDrive\Desktop\노래\
258,"HONNE,Izzy Bizu",Someone That Loves You,C:\Users\ChiYeon\OneDrive\Desktop\노래\
259,HONNE,Just Dance,C:\Users\ChiYeon\OneDrive\Desktop\노래\
260,HONNE,Me & You ◑,C:\Users\ChiYeon\OneDrive\Desktop\노래\
261,HONNE,Warm On A Cold Night,C:\Users\ChiYeon\OneDrive\Desktop\노래\
262,HONNE,The Night,C:\Users\ChiYeon\OneDrive\Desktop\노래\
263,Hoobastank,The Reason,C:\Users\ChiYeon\OneDrive\Desktop\노래\
264,Hot Chelle Rae,Hung Up,C:\Users\ChiYeon\OneDrive\Desktop\노래\
265,Hot Chelle Rae,I Like It Like That (Feat,C:\Users\ChiYeon\OneDrive\Desktop\노래\
266,Hot Chelle Rae,Tonight Tonight,C:\Users\ChiYeon\OneDrive\Desktop\노래\
267,"HRVY,Malu Trevejo",Hasta Luego,C:\Users\ChiYeon\OneDrive\Desktop\노래\
268,Hunter Hayes,I Want Crazy,C:\Users\ChiYeon\OneDrive\Desktop\노래\
269,Hunter Hayes,Wanted,C:\Users\ChiYeon\OneDrive\Desktop\노래\
270,Hunter Hayes,Heartbreak,C:\Users\ChiYeon\OneDrive\Desktop\노래\
271,Icona Pop,I Love It,C:\Users\ChiYeon\OneDrive\Desktop\노래\
272,Imagine Dragons,Radioactive,C:\Users\ChiYeon\OneDrive\Desktop\노래\
273,Imagine Dragons,It's Time,C:\Users\ChiYeon\OneDrive\Desktop\노래\
274,Imagine Dragons,Whatever It Takes,C:\Users\ChiYeon\OneDrive\Desktop\노래\
275,Imagine Dragons,Demons,C:\Users\ChiYeon\OneDrive\Desktop\노래\
276,Imagine Dragons,Thunder,C:\Users\ChiYeon\OneDrive\Desktop\노래\
277,In Real Life,Crazy AF,C:\Users\ChiYeon\OneDrive\Desktop\노래\
278,James Blunt,Stay The Night,C:\Users\ChiYeon\OneDrive\Desktop\노래\
279,Janelle Monae,Make Me Feel,C:\Users\ChiYeon\OneDrive\Desktop\노래\
280,Jason Derulo,Get Ugly,C:\Users\ChiYeon\OneDrive\Desktop\노래\
281,Jason Derulo,Want To Want Me,C:\Users\ChiYeon\OneDrive\Desktop\노래\
282,Jason Derulo,Talk Dirty (Feat,C:\Users\ChiYeon\OneDrive\Desktop\노래\
283,Jason Derulo,Trumpets,C:\Users\ChiYeon\OneDrive\Desktop\노래\
284,Jason Derulo,Kiss the Sky,C:\Users\ChiYeon\OneDrive\Desktop\노래\
285,Jason Derulo,Too Hot,C:\Users\ChiYeon\OneDrive\Desktop\노래\
286,Jason Mraz,Have It All,C:\Users\ChiYeon\OneDrive\Desktop\노래\
287,Jason Mraz,I`m Yours,C:\Users\ChiYeon\OneDrive\Desktop\노래\
288,Jason Mraz,Lucky (Feat,C:\Users\ChiYeon\OneDrive\Desktop\노래\
289,Jason Mraz,You And I Both,C:\Users\ChiYeon\OneDrive\Desktop\노래\
290,Jason Mraz,More Than Friends (Feat,C:\Users\ChiYeon\OneDrive\Desktop\노래\
291,Jason Mraz,Unlonely,C:\Users\ChiYeon\OneDrive\Desktop\노래\
292,Jason Mraz,Wordplay,C:\Users\ChiYeon\OneDrive\Desktop\노래\
293,Jason Mraz,Might As Well Dance,C:\Users\ChiYeon\OneDrive\Desktop\노래\
294,Jason Mraz,Butterfly,C:\Users\ChiYeon\OneDrive\Desktop\노래\
295,Jason Mraz,Sleep All Day,C:\Users\ChiYeon\OneDrive\Desktop\노래\
296,Jason Mraz,No Stopping Us,C:\Users\ChiYeon\OneDrive\Desktop\노래\
297,Jason Mraz,Live High,C:\Users\ChiYeon\OneDrive\Desktop\노래\
298,Jason Mraz,Love For A Child,C:\Users\ChiYeon\OneDrive\Desktop\노래\
299,Jason Mraz,Everything Is Sound,C:\Users\ChiYeon\OneDrive\Desktop\노래\
300,Jason Mraz,93 Million Miles,C:\Users\ChiYeon\OneDrive\Desktop\노래\
301,Jason Mraz,Be Honest (Feat,C:\Users\ChiYeon\OneDrive\Desktop\노래\
302,Jason Mraz,Living In The Moment,C:\Users\ChiYeon\OneDrive\Desktop\노래\
303,Jason Mraz,Look For The Good,C:\Users\ChiYeon\OneDrive\Desktop\노래\
304,Jason Mraz,The Freedom Song,C:\Users\ChiYeon\OneDrive\Desktop\노래\
305,Jason Mraz,The Woman I Love,C:\Users\ChiYeon\OneDrive\Desktop\노래\
306,Jay-Z,Empire State Of Mind (Feat,C:\Users\ChiYeon\OneDrive\Desktop\노래\
307,JC Stewart,Pick Up Your Phone,C:\Users\ChiYeon\OneDrive\Desktop\노래\
308,Jeff Bernat,Just Vibe,C:\Users\ChiYeon\OneDrive\Desktop\노래\
309,Jeff Bernat,Workflow (Feat,C:\Users\ChiYeon\OneDrive\Desktop\노래\
310,Jeff Bernat,Higher,C:\Users\ChiYeon\OneDrive\Desktop\노래\
311,Jeff Bernat,If You Wonder,C:\Users\ChiYeon\OneDrive\Desktop\노래\
312,Jeff Bernat,Call You Mine (Feat,C:\Users\ChiYeon\OneDrive\Desktop\노래\
313,Jeff Bernat,Groovin',C:\Users\ChiYeon\OneDrive\Desktop\노래\
314,Jeff Bernat,Be The One,C:\Users\ChiYeon\OneDrive\Desktop\노래\
315,Jeff Bernat,Pillow Talk,C:\Users\ChiYeon\OneDrive\Desktop\노래\
316,Jeremy Zucker,"always, i'll care",C:\Users\ChiYeon\OneDrive\Desktop\노래\
317,Jeremy Zucker,comethru,C:\Users\ChiYeon\OneDrive\Desktop\노래\
318,Jeremy Zucker,not ur friend,C:\Users\ChiYeon\OneDrive\Desktop\노래\
319,Jeremy Zucker,supercuts,C:\Users\ChiYeon\OneDrive\Desktop\노래\
320,Jesse Mccartney,Leavin,C:\Users\ChiYeon\OneDrive\Desktop\노래\
321,Jesse McCartney,Beautiful Soul,C:\Users\ChiYeon\OneDrive\Desktop\노래\
322,Jesse McCartney,The Best Day of My Life,C:\Users\ChiYeon\OneDrive\Desktop\노래\
323,"Jessie J,Ariana Grande,Nicki Minaj",Bang Bang,C:\Users\ChiYeon\OneDrive\Desktop\노래\
324,Jet,Hold On,C:\Users\ChiYeon\OneDrive\Desktop\노래\
325,JLS,Take A Chance On Me,C:\Users\ChiYeon\OneDrive\Desktop\노래\
326,John Legend,I Do,C:\Users\ChiYeon\OneDrive\Desktop\노래\
327,Jonas Blue,Mama (Feat,C:\Users\ChiYeon\OneDrive\Desktop\노래\
328,Jonas Brothers,Sucker,C:\Users\ChiYeon\OneDrive\Desktop\노래\
329,Jonas Brothers,What A Man Gotta Do,C:\Users\ChiYeon\OneDrive\Desktop\노래\
330,Julia Michaels,Jump?(feat,C:\Users\ChiYeon\OneDrive\Desktop\노래\
331,Julia Michaels,Priest,C:\Users\ChiYeon\OneDrive\Desktop\노래\
332,"Justin Bieber,Cody Simpson",Home To Mama,C:\Users\ChiYeon\OneDrive\Desktop\노래\
333,"Justin Bieber,Poo Bear,Jay Electronica",Hard 2 Face Reality,C:\Users\ChiYeon\OneDrive\Desktop\노래\
334,Justin Bieber,Baby (Feat. Ludacris),C:\Users\ChiYeon\OneDrive\Desktop\노래\
335,Justin Bieber,Boyfriend,C:\Users\ChiYeon\OneDrive\Desktop\노래\
336,Justin Bieber,Die In Your Arms,C:\Users\ChiYeon\OneDrive\Desktop\노래\
337,Justin Bieber,Mistletoe,C:\Users\ChiYeon\OneDrive\Desktop\노래\
338,Justin Bieber,Sorry,C:\Users\ChiYeon\OneDrive\Desktop\노래\
339,Justin Bieber,One Time (My Heart Edition),C:\Users\ChiYeon\OneDrive\Desktop\노래\
340,Justin Bieber,What Do You Mean,C:\Users\ChiYeon\OneDrive\Desktop\노래\
341,Justin Bieber,Love Yourself,C:\Users\ChiYeon\OneDrive\Desktop\노래\
342,Justin Bieber,One Less Lonely Girl,C:\Users\ChiYeon\OneDrive\Desktop\노래\
343,Justin Bieber,Overboard (Feat. Jessica Jarrell),C:\Users\ChiYeon\OneDrive\Desktop\노래\
344,Justin Bieber,Intentions (Feat. Quavo),C:\Users\ChiYeon\OneDrive\Desktop\노래\
345,Justin Bieber,Life Is Worth Living,C:\Users\ChiYeon\OneDrive\Desktop\노래\
346,Justin Timberlake,CAN`T STOP THE FEELING!,C:\Users\ChiYeon\OneDrive\Desktop\노래\
347,Justin Timberlake,Not A Bad Thing,C:\Users\ChiYeon\OneDrive\Desktop\노래\
348,Justin Timberlake,Suit & Tie (Feat. Jay-Z),C:\Users\ChiYeon\OneDrive\Desktop\노래\
349,Justin Timberlake,SexyBack (Feat. Timbaland),C:\Users\ChiYeon\OneDrive\Desktop\노래\
350,Justin Timberlake,Pose (Feat. Snoop Dogg),C:\Users\ChiYeon\OneDrive\Desktop\노래\
351,Justin Timberlake,Mirrors,C:\Users\ChiYeon\OneDrive\Desktop\노래\
352,Karmin,Brokenhearted,C:\Users\ChiYeon\OneDrive\Desktop\노래\
353,Karmin,Sleigh Ride,C:\Users\ChiYeon\OneDrive\Desktop\노래\
354,Karmin,Hate To Love You,C:\Users\ChiYeon\OneDrive\Desktop\노래\
355,Katy Perry,California Gurls (Featuring Snoop Dogg),C:\Users\ChiYeon\OneDrive\Desktop\노래\
356,Ke$ha,C`Mon,C:\Users\ChiYeon\OneDrive\Desktop\노래\
357,KELLA,Just My Type,C:\Users\ChiYeon\OneDrive\Desktop\노래\
358,Kelly Clarkson,Because Of You,C:\Users\ChiYeon\OneDrive\Desktop\노래\
359,Kepler,L.A,C:\Users\ChiYeon\OneDrive\Desktop\노래\
360,Khalid,Better,C:\Users\ChiYeon\OneDrive\Desktop\노래\
361,Khalid,Eleven,C:\Users\ChiYeon\OneDrive\Desktop\노래\
362,Khalid,My Bad,C:\Users\ChiYeon\OneDrive\Desktop\노래\
363,Khalid,Right Back (Feat. A Boogie Wit Da Hoodie),C:\Users\ChiYeon\OneDrive\Desktop\노래\
364,Khalid,Talk,C:\Users\ChiYeon\OneDrive\Desktop\노래\
365,Khalid,Up All Night,C:\Users\ChiYeon\OneDrive\Desktop\노래\
366,Kodaline,Worth It,C:\Users\ChiYeon\OneDrive\Desktop\노래\
367,Kris Allen,Better With You,C:\Users\ChiYeon\OneDrive\Desktop\노래\
368,Kris Allen,Live Like We`re Dying,C:\Users\ChiYeon\OneDrive\Desktop\노래\
369,Kt Tunstall,Suddenly I See,C:\Users\ChiYeon\OneDrive\Desktop\노래\
370,Kungs,This Girl (Kungs Vs Cookin' On 3 Burners)?(Extended),C:\Users\ChiYeon\OneDrive\Desktop\노래\
371,"Kygo,Selena Gomez",It Ain't Me,C:\Users\ChiYeon\OneDrive\Desktop\노래\
372,"LANY,Julia Michaels",okay,C:\Users\ChiYeon\OneDrive\Desktop\노래\
373,LANY,If You See Her,C:\Users\ChiYeon\OneDrive\Desktop\노래\
374,LANY,ILYSB?(Stripped),C:\Users\ChiYeon\OneDrive\Desktop\노래\
375,LANY,Malibu Nights,C:\Users\ChiYeon\OneDrive\Desktop\노래\
376,LANY,good guys,C:\Users\ChiYeon\OneDrive\Desktop\노래\
377,LANY,if this is the last time,C:\Users\ChiYeon\OneDrive\Desktop\노래\
378,"Lauv,Anne",Marie,C:\Users\ChiYeon\OneDrive\Desktop\노래\
379,"Lauv,LANY",Mean It,C:\Users\ChiYeon\OneDrive\Desktop\노래\
380,"Lauv,Troye Sivan",i'm so tired,C:\Users\ChiYeon\OneDrive\Desktop\노래\
381,Lauv,Changes,C:\Users\ChiYeon\OneDrive\Desktop\노래\
382,Lauv,Dishes,C:\Users\ChiYeon\OneDrive\Desktop\노래\
383,Lauv,Drugs & The Internet,C:\Users\ChiYeon\OneDrive\Desktop\노래\
384,Lauv,Enemies,C:\Users\ChiYeon\OneDrive\Desktop\노래\
385,Lauv,I Like Me Better,C:\Users\ChiYeon\OneDrive\Desktop\노래\
386,Lauv,Paris In The Rain,C:\Users\ChiYeon\OneDrive\Desktop\노래\
387,Lauv,Sad Forever,C:\Users\ChiYeon\OneDrive\Desktop\노래\
388,Lauv,Tattoos Together,C:\Users\ChiYeon\OneDrive\Desktop\노래\
389,Lauv,Who (Feat. BTS),C:\Users\ChiYeon\OneDrive\Desktop\노래\
390,Lenka,The Show,C:\Users\ChiYeon\OneDrive\Desktop\노래\
391,Leona Lewis,Better In Time,C:\Users\ChiYeon\OneDrive\Desktop\노래\
392,Lil Nas X,Old Town Road (Remix) (Feat. Billy Ray Cyrus),C:\Users\ChiYeon\OneDrive\Desktop\노래\
393,Little Mix,Oops (Feat. Charlie Puth),C:\Users\ChiYeon\OneDrive\Desktop\노래\
394,Lloyd,Tru,C:\Users\ChiYeon\OneDrive\Desktop\노래\
395,LMFAO,Party Rock Anthem,C:\Users\ChiYeon\OneDrive\Desktop\노래\
396,LMFAO,Sexy And I Know It,C:\Users\ChiYeon\OneDrive\Desktop\노래\
397,LMNT,Juliet,C:\Users\ChiYeon\OneDrive\Desktop\노래\
398,Logic,1-800-273-8255 (Feat. Alessia Cara & Khalid),C:\Users\ChiYeon\OneDrive\Desktop\노래\
399,Luis Fonsi,Despacito (Feat. Daddy Yankee),C:\Users\ChiYeon\OneDrive\Desktop\노래\
400,M.C THE MAX,어디에도,C:\Users\ChiYeon\OneDrive\Desktop\노래\
401,M.C THE MAX,사랑해 봤나요,C:\Users\ChiYeon\OneDrive\Desktop\노래\
402,M.C THE MAX,행복하지 말아요,C:\Users\ChiYeon\OneDrive\Desktop\노래\
403,M.C. the Max,사랑을 외치다,C:\Users\ChiYeon\OneDrive\Desktop\노래\
404,M.C. the Max,입술의 말,C:\Users\ChiYeon\OneDrive\Desktop\노래\
405,M.C. the Max,해바라기도 가끔 목이 아프죠,C:\Users\ChiYeon\OneDrive\Desktop\노래\
406,M.C. the Max,가슴아 그만해,C:\Users\ChiYeon\OneDrive\Desktop\노래\
407,M.C. the Max,그대가 분다,C:\Users\ChiYeon\OneDrive\Desktop\노래\
408,M.C. the Max,백야,C:\Users\ChiYeon\OneDrive\Desktop\노래\
409,M.Y.M.P,Especially For You,C:\Users\ChiYeon\OneDrive\Desktop\노래\
410,Macklemore,Thrift Shop (Feat. Wanz),C:\Users\ChiYeon\OneDrive\Desktop\노래\
411,Maggie Lindemann,Friends Go,C:\Users\ChiYeon\OneDrive\Desktop\노래\
412,Magic!,Rude,C:\Users\ChiYeon\OneDrive\Desktop\노래\
413,Major Lazer,Cold Water (Feat. Justin Bieber & MØ),C:\Users\ChiYeon\OneDrive\Desktop\노래\
414,Major Lazer,"Lean On (Feat. MØ , DJ Snake)",C:\Users\ChiYeon\OneDrive\Desktop\노래\
415,Mamas Gun,House On A Hill,C:\Users\ChiYeon\OneDrive\Desktop\노래\
416,Mamas Gun,Pots Of Gold,C:\Users\ChiYeon\OneDrive\Desktop\노래\
417,Mamas Gun,say you’ll be mine (Feat. 권진아),C:\Users\ChiYeon\OneDrive\Desktop\노래\
418,Mamas Gun,THIS IS THE DAY,C:\Users\ChiYeon\OneDrive\Desktop\노래\
419,Mariah Carey,All I Want For Christmas Is You,C:\Users\ChiYeon\OneDrive\Desktop\노래\
420,Mariah Carey,With You,C:\Users\ChiYeon\OneDrive\Desktop\노래\
421,Mariah Carey,Hero,C:\Users\ChiYeon\OneDrive\Desktop\노래\
422,Mariah Carey,A No No,C:\Users\ChiYeon\OneDrive\Desktop\노래\
423,Mark Ronson,Uptown Funk (Feat. Bruno Mars),C:\Users\ChiYeon\OneDrive\Desktop\노래\
424,Mark Ronson,Find U Again (Feat. Camila Cabello),C:\Users\ChiYeon\OneDrive\Desktop\노래\
425,Maroon 5,Girls Like You?(Feat. Cardi B),C:\Users\ChiYeon\OneDrive\Desktop\노래\
426,Maroon 5,Misery,C:\Users\ChiYeon\OneDrive\Desktop\노래\
427,Maroon 5,Moves Like Jagger (Studio Recording From The Voice Performance) (Feat. Christina Aguilera),C:\Users\ChiYeon\OneDrive\Desktop\노래\
428,Maroon 5,One More Night,C:\Users\ChiYeon\OneDrive\Desktop\노래\
429,Maroon 5,Payphone (Feat. Wiz Khalifa),C:\Users\ChiYeon\OneDrive\Desktop\노래\
430,Maroon 5,Three Little Birds,C:\Users\ChiYeon\OneDrive\Desktop\노래\
431,Maroon 5,Wait (Feat. A Boogie Wit da Hoodie),C:\Users\ChiYeon\OneDrive\Desktop\노래\
432,Maroon 5,Animals,C:\Users\ChiYeon\OneDrive\Desktop\노래\
433,Maroon 5,Don't Wanna Know (Feat. Kendrick Lamar),C:\Users\ChiYeon\OneDrive\Desktop\노래\
434,Maroon 5,What Lovers Do (Feat. SZA),C:\Users\ChiYeon\OneDrive\Desktop\노래\
435,Maroon 5,Lucky Strike,C:\Users\ChiYeon\OneDrive\Desktop\노래\
436,Maroon 5,Sugar,C:\Users\ChiYeon\OneDrive\Desktop\노래\
437,Maroon 5,Nothing Lasts Forever,C:\Users\ChiYeon\OneDrive\Desktop\노래\
438,Maroon 5,Sun,C:\Users\ChiYeon\OneDrive\Desktop\노래\
439,Maroon 5,Sunday Morning,C:\Users\ChiYeon\OneDrive\Desktop\노래\
440,Maroon 5,Lost Stars,C:\Users\ChiYeon\OneDrive\Desktop\노래\
441,Maroon 5,Cold?(Feat. Future),C:\Users\ChiYeon\OneDrive\Desktop\노래\
442,Maroon 5,Crazy Little Thing Called Love (Acoustic Ver.),C:\Users\ChiYeon\OneDrive\Desktop\노래\
443,Maroon 5,Give A Little More,C:\Users\ChiYeon\OneDrive\Desktop\노래\
444,Maroon 5,I Can`t Lie,C:\Users\ChiYeon\OneDrive\Desktop\노래\
445,Maroon 5,Just A Feeling,C:\Users\ChiYeon\OneDrive\Desktop\노래\
446,Maroon 5,Memories,C:\Users\ChiYeon\OneDrive\Desktop\노래\
447,Maroon 5,Never Gonna Leave This Bed,C:\Users\ChiYeon\OneDrive\Desktop\노래\
448,Maroon 5,Nobody's Love,C:\Users\ChiYeon\OneDrive\Desktop\노래\
449,Maroon 5,She Will Be Loved,C:\Users\ChiYeon\OneDrive\Desktop\노래\
450,Maroon 5,Stutter,C:\Users\ChiYeon\OneDrive\Desktop\노래\
451,Maroon 5,This Love,C:\Users\ChiYeon\OneDrive\Desktop\노래\
452,Maroon 5,Wasted Years,C:\Users\ChiYeon\OneDrive\Desktop\노래\
453,Maroon 5,Won`t Go Home Without You,C:\Users\ChiYeon\OneDrive\Desktop\노래\
454,"Marshall,Jocelyn Alice",Mr Parachute,C:\Users\ChiYeon\OneDrive\Desktop\노래\
455,"Marshmello,Anne-Marie",FRIENDS,C:\Users\ChiYeon\OneDrive\Desktop\노래\
456,"Marshmello,Halsey",Be Kind,C:\Users\ChiYeon\OneDrive\Desktop\노래\
457,"Marshmello,Kane Brown",One Thing Right (Feat. Kane Brown),C:\Users\ChiYeon\OneDrive\Desktop\노래\
458,Marshmello,Here With Me (Feat. CHVRCHES),C:\Users\ChiYeon\OneDrive\Desktop\노래\
459,Marshmello,Together,C:\Users\ChiYeon\OneDrive\Desktop\노래\
460,Marteen,Freak (Feat. G-Eazy),C:\Users\ChiYeon\OneDrive\Desktop\노래\
461,Marteen,Sriracha,C:\Users\ChiYeon\OneDrive\Desktop\노래\
462,"Martin Garrix,Bebe Rexha",In The Name Of Love,C:\Users\ChiYeon\OneDrive\Desktop\노래\
463,"Martin Garrix,Macklemore,Fall Out Boy",Summer Days (Feat. Macklemore & Patrick Stump of Fall Out Boy),C:\Users\ChiYeon\OneDrive\Desktop\노래\
464,"Martin Garrix,Troye Sivan",There For You,C:\Users\ChiYeon\OneDrive\Desktop\노래\
465,Marvin Gaye,Let's Get It On,C:\Users\ChiYeon\OneDrive\Desktop\노래\
466,Marvin Gaye,What's Going On,C:\Users\ChiYeon\OneDrive\Desktop\노래\
467,"MC 스나이퍼,비도승우,송래퍼",Feel Like Yesterday,C:\Users\ChiYeon\OneDrive\Desktop\노래\
468,"Merk & Kremont,Ady Suleiman",Sad Story (Out Of Luck) (Deepend Remix),C:\Users\ChiYeon\OneDrive\Desktop\노래\
469,Michael Buble,Nobody But Me,C:\Users\ChiYeon\OneDrive\Desktop\노래\
470,Michael Buble,Home,C:\Users\ChiYeon\OneDrive\Desktop\노래\
471,Michael Buble,Quando Quando Quando (With Nelly Furtado),C:\Users\ChiYeon\OneDrive\Desktop\노래\
472,Michael Buble,Cold December Night,C:\Users\ChiYeon\OneDrive\Desktop\노래\
473,Michael Carreon,The Simple Things,C:\Users\ChiYeon\OneDrive\Desktop\노래\
474,Michael Jackson,Love Never Felt So Good,C:\Users\ChiYeon\OneDrive\Desktop\노래\
475,Michael Jackson,Another Part Of Me (2012 Remaster),C:\Users\ChiYeon\OneDrive\Desktop\노래\
476,Michael Jackson,Black Or White,C:\Users\ChiYeon\OneDrive\Desktop\노래\
477,Michael Jackson,Scream,C:\Users\ChiYeon\OneDrive\Desktop\노래\
478,Michael Jackson,Thriller,C:\Users\ChiYeon\OneDrive\Desktop\노래\
479,MIKA,Popular Song (Feat. Ariana Grande),C:\Users\ChiYeon\OneDrive\Desktop\노래\
480,Mike Perry,The Ocean (Radio Edit) (Feat. Shy Martin),C:\Users\ChiYeon\OneDrive\Desktop\노래\
481,MKTO,Classic,C:\Users\ChiYeon\OneDrive\Desktop\노래\
482,MOBB (MINO & BOBBY),빨리 전화해 (Feat. KUSH),C:\Users\ChiYeon\OneDrive\Desktop\노래\
483,Morten Harket,Can`t Take My Eyes Off You,C:\Users\ChiYeon\OneDrive\Desktop\노래\
484,Muse,Starlight,C:\Users\ChiYeon\OneDrive\Desktop\노래\
485,N Sync,"Merry Christmas, Happy Holidays",C:\Users\ChiYeon\OneDrive\Desktop\노래\
486,"N.E.R.D,Rihanna",Lemon (Drake Remix) (Feat. Drake),C:\Users\ChiYeon\OneDrive\Desktop\노래\
487,Nakashima Mika,연분홍 빛 춤출 무렵 (?色舞うころ),C:\Users\ChiYeon\OneDrive\Desktop\노래\
488,Nakashima Mika,雪の華,C:\Users\ChiYeon\OneDrive\Desktop\노래\
489,Nakashima Mika,ALWAYS,C:\Users\ChiYeon\OneDrive\Desktop\노래\
490,Nakashima Mika,ORION,C:\Users\ChiYeon\OneDrive\Desktop\노래\
491,Ne-Yo,So Sick,C:\Users\ChiYeon\OneDrive\Desktop\노래\
492,"Nelly,Murphy Lee,Puff Daddy",Shake Ya Tailfeather,C:\Users\ChiYeon\OneDrive\Desktop\노래\
493,New Hope Club,Permission,C:\Users\ChiYeon\OneDrive\Desktop\노래\
494,"Norah Jones,Peter Malick Group",New York City,C:\Users\ChiYeon\OneDrive\Desktop\노래\
495,Oasis,Whatever,C:\Users\ChiYeon\OneDrive\Desktop\노래\
496,Oasis,Don`t Look Back In Anger,C:\Users\ChiYeon\OneDrive\Desktop\노래\
497,Oasis,Stand by Me (Remastered),C:\Users\ChiYeon\OneDrive\Desktop\노래\
498,Oasis,Let There Be Love,C:\Users\ChiYeon\OneDrive\Desktop\노래\
499,Olivia,So Nice,C:\Users\ChiYeon\OneDrive\Desktop\노래\
500,Olivia,You And Me,C:\Users\ChiYeon\OneDrive\Desktop\노래\
501,Olivia,Close To You,C:\Users\ChiYeon\OneDrive\Desktop\노래\
502,Olivia,Fly Me To The Moon,C:\Users\ChiYeon\OneDrive\Desktop\노래\
503,"Olly Murs,Louisa Johnson",Unpredictable,C:\Users\ChiYeon\OneDrive\Desktop\노래\
504,Olly Murs,Grow Up,C:\Users\ChiYeon\OneDrive\Desktop\노래\
505,Olly Murs,Moves (Feat. Snoop Dogg),C:\Users\ChiYeon\OneDrive\Desktop\노래\
506,Olly Murs,Troublemaker (Feat. Flo Rida),C:\Users\ChiYeon\OneDrive\Desktop\노래\
507,Olly Murs,Wrapped Up (Feat. Travie McCoy),C:\Users\ChiYeon\OneDrive\Desktop\노래\
508,Omi,Cheerleader (Felix Jaehn Remix) (Radio Edit),C:\Users\ChiYeon\OneDrive\Desktop\노래\
509,One Direction,History,C:\Users\ChiYeon\OneDrive\Desktop\노래\
510,One Direction,One Thing,C:\Users\ChiYeon\OneDrive\Desktop\노래\
511,One Direction,One Way Or Another (Teenage Kicks),C:\Users\ChiYeon\OneDrive\Desktop\노래\
512,One Direction,What Makes You Beautiful,C:\Users\ChiYeon\OneDrive\Desktop\노래\
513,One Direction,Kiss You,C:\Users\ChiYeon\OneDrive\Desktop\노래\
514,One Direction,Perfect,C:\Users\ChiYeon\OneDrive\Desktop\노래\
515,One Direction,Up All Night,C:\Users\ChiYeon\OneDrive\Desktop\노래\
516,One Direction,Heart Attack,C:\Users\ChiYeon\OneDrive\Desktop\노래\
517,One Direction,Love You Goodbye,C:\Users\ChiYeon\OneDrive\Desktop\노래\
518,One Direction,Change Your Ticket,C:\Users\ChiYeon\OneDrive\Desktop\노래\
519,One Direction,A.M.,C:\Users\ChiYeon\OneDrive\Desktop\노래\
520,One Direction,Drag Me Down,C:\Users\ChiYeon\OneDrive\Desktop\노래\
521,One Direction,Half a Heart,C:\Users\ChiYeon\OneDrive\Desktop\노래\
522,One Direction,Live While We`re Young,C:\Users\ChiYeon\OneDrive\Desktop\노래\
523,One Direction,Right Now,C:\Users\ChiYeon\OneDrive\Desktop\노래\
524,OneRepublic,Counting Stars,C:\Users\ChiYeon\OneDrive\Desktop\노래\
525,OneRepublic,Life In Color,C:\Users\ChiYeon\OneDrive\Desktop\노래\
526,OneRepublic,Secrets,C:\Users\ChiYeon\OneDrive\Desktop\노래\
527,OneRepublic,Wanted,C:\Users\ChiYeon\OneDrive\Desktop\노래\
528,"Owl City,Carly Rae Jepsen",Good Time,C:\Users\ChiYeon\OneDrive\Desktop\노래\
529,Owl City,Hot Air Balloon,C:\Users\ChiYeon\OneDrive\Desktop\노래\
530,Owl City,Waving Through A Window (From Dear Evan Hansen),C:\Users\ChiYeon\OneDrive\Desktop\노래\
531,Owl City,Fireflies,C:\Users\ChiYeon\OneDrive\Desktop\노래\
532,Owl City,Hospital Flowers,C:\Users\ChiYeon\OneDrive\Desktop\노래\
533,Owl City,Vanilla Twilight,C:\Users\ChiYeon\OneDrive\Desktop\노래\
534,Owl City,The Bird And The Worm,C:\Users\ChiYeon\OneDrive\Desktop\노래\
535,P!nk,Beautiful Trauma (Kat Krazy Remix),C:\Users\ChiYeon\OneDrive\Desktop\노래\
536,Paramore,Last Hope,C:\Users\ChiYeon\OneDrive\Desktop\노래\
537,Paul McCartney,Fuh You,C:\Users\ChiYeon\OneDrive\Desktop\노래\
538,Paul McCartney,I Don't Know,C:\Users\ChiYeon\OneDrive\Desktop\노래\
539,Paul McCartney,Young Boy (Feat. Steve Miller) (Remastered 2020),C:\Users\ChiYeon\OneDrive\Desktop\노래\
540,Pharrell Williams,Happy (From Despicable Me 2),C:\Users\ChiYeon\OneDrive\Desktop\노래\
541,Pharrell Williams,Come Get It Bae,C:\Users\ChiYeon\OneDrive\Desktop\노래\
542,Pink Sweat$,Honesty,C:\Users\ChiYeon\OneDrive\Desktop\노래\
543,Pink,Just Give Me A Reason (Feat. Nate Ruess),C:\Users\ChiYeon\OneDrive\Desktop\노래\
544,"Pitbull,Stereotypes","Jungle (Feat. E-40, Abraham Mateo)",C:\Users\ChiYeon\OneDrive\Desktop\노래\
545,Pitbull,"Bad Man (Feat. Robin Thicke, Joe Perry, Travis Barker)",C:\Users\ChiYeon\OneDrive\Desktop\노래\
546,Pitbull,Celebrate (From The Original Motion Picture Penguins Of Madagascar),C:\Users\ChiYeon\OneDrive\Desktop\노래\
547,Pitbull,Don`t Stop The Party (Feat. TJR),C:\Users\ChiYeon\OneDrive\Desktop\노래\
548,Pitbull,Freedom,C:\Users\ChiYeon\OneDrive\Desktop\노래\
549,Pitbull,Timber (Feat. Ke$ha),C:\Users\ChiYeon\OneDrive\Desktop\노래\
550,Pitbull,Time Of Our Lives (Feat. Ne-Yo),C:\Users\ChiYeon\OneDrive\Desktop\노래\
551,Pop Culture,Where Did U Go (Feat. Tessa Violet),C:\Users\ChiYeon\OneDrive\Desktop\노래\
552,"Post Malone,Swae Lee",Sunflower (Spider,C:\Users\ChiYeon\OneDrive\Desktop\노래\
553,Post Malone,Goodbyes (Feat. Young Thug),C:\Users\ChiYeon\OneDrive\Desktop\노래\
554,Post Malone,Myself,C:\Users\ChiYeon\OneDrive\Desktop\노래\
555,Post Malone,Psycho (Feat. Ty Dolla $ign),C:\Users\ChiYeon\OneDrive\Desktop\노래\
556,Queen,We Will Rock You,C:\Users\ChiYeon\OneDrive\Desktop\노래\
557,R. Kelly,I Believe I Can Fly,C:\Users\ChiYeon\OneDrive\Desktop\노래\
558,R. Kelly,Ignition (Remix),C:\Users\ChiYeon\OneDrive\Desktop\노래\
559,R. Kelly,"I`m A Flirt (feat. T.I., T-Pain)",C:\Users\ChiYeon\OneDrive\Desktop\노래\
560,Rachael Yamagata,Be Be Your Love,C:\Users\ChiYeon\OneDrive\Desktop\노래\
561,Rachael Yamagata,Let Me Be Your Girl (Radio Edit),C:\Users\ChiYeon\OneDrive\Desktop\노래\
562,Rachael Yamagata,Something In The Rain,C:\Users\ChiYeon\OneDrive\Desktop\노래\
563,Rachael Yamagata,Duet,C:\Users\ChiYeon\OneDrive\Desktop\노래\
564,Rachael Yamagata,Letter Read,C:\Users\ChiYeon\OneDrive\Desktop\노래\
565,Rachael Yamagata,Saturday Morning,C:\Users\ChiYeon\OneDrive\Desktop\노래\
566,Red Hot Chili Peppers,Dani California,C:\Users\ChiYeon\OneDrive\Desktop\노래\
567,Red Hot Chili Peppers,Coffee Shop,C:\Users\ChiYeon\OneDrive\Desktop\노래\
568,Red Hot Chili Peppers,Can`t Stop (Album Version),C:\Users\ChiYeon\OneDrive\Desktop\노래\
569,Red Hot Chili Peppers,Snow (Hey Oh) (Album Version),C:\Users\ChiYeon\OneDrive\Desktop\노래\
570,Red Velvet (레드벨벳),Bad Boy,C:\Users\ChiYeon\OneDrive\Desktop\노래\
571,Red Velvet (레드벨벳),빨간 맛 (Red Flavor),C:\Users\ChiYeon\OneDrive\Desktop\노래\
572,Redbone,Come And Get Your Love,C:\Users\ChiYeon\OneDrive\Desktop\노래\
573,Redfoo,Juicy Wiggle,C:\Users\ChiYeon\OneDrive\Desktop\노래\
574,Redfoo,New Thang,C:\Users\ChiYeon\OneDrive\Desktop\노래\
575,Ricky Martin,Livin` La Vida Loca,C:\Users\ChiYeon\OneDrive\Desktop\노래\
576,Rihanna,Take A Bow,C:\Users\ChiYeon\OneDrive\Desktop\노래\
577,Rihanna,Hate That I Love You (Feat. Ne-Yo),C:\Users\ChiYeon\OneDrive\Desktop\노래\
578,Rihanna,Umbrella (Feat. Jay-Z),C:\Users\ChiYeon\OneDrive\Desktop\노래\
579,Rihanna,Work?(Feat. Drake),C:\Users\ChiYeon\OneDrive\Desktop\노래\
580,Rita Ora,Anywhere,C:\Users\ChiYeon\OneDrive\Desktop\노래\
581,Robin Thicke,Blurred Lines,C:\Users\ChiYeon\OneDrive\Desktop\노래\
582,ROLE MODEL,hello!,C:\Users\ChiYeon\OneDrive\Desktop\노래\
583,ROLE MODEL,notice me (Feat. BENEE),C:\Users\ChiYeon\OneDrive\Desktop\노래\
584,ROLE MODEL,say it first,C:\Users\ChiYeon\OneDrive\Desktop\노래\
585,Rudimental,"These Days (Feat. Jess Glynne, Macklemore & Dan Caplen)",C:\Users\ChiYeon\OneDrive\Desktop\노래\
586,Ruel,Face To Face,C:\Users\ChiYeon\OneDrive\Desktop\노래\
587,Ruel,Painkiller,C:\Users\ChiYeon\OneDrive\Desktop\노래\
588,Rupert Holmes,Escape (The Pina Colada Song),C:\Users\ChiYeon\OneDrive\Desktop\노래\
589,SAAY,I'M OKAY,C:\Users\ChiYeon\OneDrive\Desktop\노래\
590,Sam Ock,My Fire,C:\Users\ChiYeon\OneDrive\Desktop\노래\
591,Sam Ock,Rollercoaster,C:\Users\ChiYeon\OneDrive\Desktop\노래\
592,Sam Ock,Space (Feat. Jennifer Chung),C:\Users\ChiYeon\OneDrive\Desktop\노래\
593,Sam Ock,Choose 2 Love,C:\Users\ChiYeon\OneDrive\Desktop\노래\
594,Sam Ock,Little Light (Feat. Clara C),C:\Users\ChiYeon\OneDrive\Desktop\노래\
595,Sam Smith,Pray,C:\Users\ChiYeon\OneDrive\Desktop\노래\
596,Sam Smith,Stay With Me,C:\Users\ChiYeon\OneDrive\Desktop\노래\
597,Sam Smith,Leave Your Lover,C:\Users\ChiYeon\OneDrive\Desktop\노래\
598,Sam Smith,I`m Not The Only One,C:\Users\ChiYeon\OneDrive\Desktop\노래\
599,Sam Smith,Lay Me Down,C:\Users\ChiYeon\OneDrive\Desktop\노래\
600,Sam Smith,Latch?(Acoustic),C:\Users\ChiYeon\OneDrive\Desktop\노래\
601,Sara Bareilles,Brave,C:\Users\ChiYeon\OneDrive\Desktop\노래\
602,Sara Bareilles,Bottle It Up,C:\Users\ChiYeon\OneDrive\Desktop\노래\
603,Sara Bareilles,Gravity,C:\Users\ChiYeon\OneDrive\Desktop\노래\
604,"Selena Gomez,Marshmello",Wolves,C:\Users\ChiYeon\OneDrive\Desktop\노래\
605,Selena Gomez,Back To You,C:\Users\ChiYeon\OneDrive\Desktop\노래\
606,Selena Gomez,Bad Liar,C:\Users\ChiYeon\OneDrive\Desktop\노래\
607,Selena Gomez,Camouflage,C:\Users\ChiYeon\OneDrive\Desktop\노래\
608,Selena Gomez,Dance Again,C:\Users\ChiYeon\OneDrive\Desktop\노래\
609,Selena Gomez,Fun,C:\Users\ChiYeon\OneDrive\Desktop\노래\
610,Selena Gomez,Hands To Myself,C:\Users\ChiYeon\OneDrive\Desktop\노래\
611,Selena Gomez,Lose You To Love Me,C:\Users\ChiYeon\OneDrive\Desktop\노래\
612,Selena Gomez,Rare,C:\Users\ChiYeon\OneDrive\Desktop\노래\
613,Selena Gomez,Sober,C:\Users\ChiYeon\OneDrive\Desktop\노래\
614,"SG Lewis,Clairo",Better (SG Lewis x Clairo),C:\Users\ChiYeon\OneDrive\Desktop\노래\
615,"SG 워너비,브라운아이드걸스",Must Have Love,C:\Users\ChiYeon\OneDrive\Desktop\노래\
616,SG 워너비,Timeless,C:\Users\ChiYeon\OneDrive\Desktop\노래\
617,SG 워너비,라라라,C:\Users\ChiYeon\OneDrive\Desktop\노래\
618,SG 워너비,사랑과 우정 사이,C:\Users\ChiYeon\OneDrive\Desktop\노래\
619,SG워너비,내 사랑 내곁에,C:\Users\ChiYeon\OneDrive\Desktop\노래\
620,Shaun,Lunisolar (Original Mix),C:\Users\ChiYeon\OneDrive\Desktop\노래\
621,"Shawn Mendes,Camila Cabello",Se?orita,C:\Users\ChiYeon\OneDrive\Desktop\노래\
622,Shawn Mendes,There`s Nothing Holdin` Me Back,C:\Users\ChiYeon\OneDrive\Desktop\노래\
623,Shawn Mendes,Mercy,C:\Users\ChiYeon\OneDrive\Desktop\노래\
624,Shawn Mendes,Because I Had You,C:\Users\ChiYeon\OneDrive\Desktop\노래\
625,Shawn Mendes,Fallin' All In You,C:\Users\ChiYeon\OneDrive\Desktop\노래\
626,Shawn Mendes,If I Can't Have You,C:\Users\ChiYeon\OneDrive\Desktop\노래\
627,Shawn Mendes,In My Blood,C:\Users\ChiYeon\OneDrive\Desktop\노래\
628,Shawn Mendes,Lost In Japan,C:\Users\ChiYeon\OneDrive\Desktop\노래\
629,Shawn Mendes,Nervous,C:\Users\ChiYeon\OneDrive\Desktop\노래\
630,Shawn Mendes,Particular Taste,C:\Users\ChiYeon\OneDrive\Desktop\노래\
631,Shawn Mendes,Show You,C:\Users\ChiYeon\OneDrive\Desktop\노래\
632,Shawn Mendes,Stitches,C:\Users\ChiYeon\OneDrive\Desktop\노래\
633,Shawn Mendes,Treat You Better,C:\Users\ChiYeon\OneDrive\Desktop\노래\
634,Shawn Mendes,Where Were You In The Morning,C:\Users\ChiYeon\OneDrive\Desktop\노래\
635,Shawn Mendes,Youth (Feat. Khalid),C:\Users\ChiYeon\OneDrive\Desktop\노래\
636,Sia,Chandelier,C:\Users\ChiYeon\OneDrive\Desktop\노래\
637,Sia,Santa`s Coming For Us,C:\Users\ChiYeon\OneDrive\Desktop\노래\
638,"Sigala,Paloma Faith",Lullaby,C:\Users\ChiYeon\OneDrive\Desktop\노래\
639,Simple Plan,Can`t Keep My Hands Off You (Feat. Rivers Cuomo),C:\Users\ChiYeon\OneDrive\Desktop\노래\
640,Simple Plan,Jet Lag (Feat. Natasha Bedingfield),C:\Users\ChiYeon\OneDrive\Desktop\노래\
641,Skrillex,Bangarang (Feat. Sirah),C:\Users\ChiYeon\OneDrive\Desktop\노래\
642,Sofi Tukker,Batshit,C:\Users\ChiYeon\OneDrive\Desktop\노래\
643,SR,"71,SR",C:\Users\ChiYeon\OneDrive\Desktop\노래\
644,Starset,Monster,C:\Users\ChiYeon\OneDrive\Desktop\노래\
645,"Steve Aoki,Chris Lake,Tujamo",Delirious (Boneless) (Feat. Kid Ink),C:\Users\ChiYeon\OneDrive\Desktop\노래\
646,"Steve Aoki,Louis Tomlinson(One Direction)",Just Hold On,C:\Users\ChiYeon\OneDrive\Desktop\노래\
647,"Steve Aoki,Quintino",Mayhem,C:\Users\ChiYeon\OneDrive\Desktop\노래\
648,Steve Aoki,Waste It On Me (Feat. BTS (방탄소년단)),C:\Users\ChiYeon\OneDrive\Desktop\노래\
649,Stevie Wonder,Isn`t She Lovely,C:\Users\ChiYeon\OneDrive\Desktop\노래\
650,Straight No Chaser,Text Me Merry Christmas (Feat. Kristen Bell),C:\Users\ChiYeon\OneDrive\Desktop\노래\
651,Sum 41,Underclass Hero,C:\Users\ChiYeon\OneDrive\Desktop\노래\
652,Sum 41,Still Waiting,C:\Users\ChiYeon\OneDrive\Desktop\노래\
653,Sum 41,Makes No Difference,C:\Users\ChiYeon\OneDrive\Desktop\노래\
654,Sweetbox,This Christmas,C:\Users\ChiYeon\OneDrive\Desktop\노래\
655,Taylor Swift,Bad Blood (Feat. Kendrick Lamar),C:\Users\ChiYeon\OneDrive\Desktop\노래\
656,Taylor Swift,I Knew You Were Trouble,C:\Users\ChiYeon\OneDrive\Desktop\노래\
657,Taylor Swift,Love Story,C:\Users\ChiYeon\OneDrive\Desktop\노래\
658,Taylor Swift,Red,C:\Users\ChiYeon\OneDrive\Desktop\노래\
659,Taylor Swift,Shake It Off,C:\Users\ChiYeon\OneDrive\Desktop\노래\
660,Taylor Swift,We Are Never Ever Getting Back Together,C:\Users\ChiYeon\OneDrive\Desktop\노래\
661,Taylor Swift,Blank Space,C:\Users\ChiYeon\OneDrive\Desktop\노래\
662,Taylor Swift,Style,C:\Users\ChiYeon\OneDrive\Desktop\노래\
663,Taylor Swift,22,C:\Users\ChiYeon\OneDrive\Desktop\노래\
664,Taylor Swift,I Almost Do,C:\Users\ChiYeon\OneDrive\Desktop\노래\
665,Taylor Swift,Stay Stay Stay,C:\Users\ChiYeon\OneDrive\Desktop\노래\
666,Taylor Swift,Everything Has Changed (Feat. Ed Sheeran),C:\Users\ChiYeon\OneDrive\Desktop\노래\
667,Taylor Swift,Begin Again,C:\Users\ChiYeon\OneDrive\Desktop\노래\
668,Taylor Swift,New Romantics,C:\Users\ChiYeon\OneDrive\Desktop\노래\
669,Taylor Swift,The Moment I Knew,C:\Users\ChiYeon\OneDrive\Desktop\노래\
670,Taylor Swift,august,C:\Users\ChiYeon\OneDrive\Desktop\노래\
671,Taylor Swift,Back To December,C:\Users\ChiYeon\OneDrive\Desktop\노래\
672,Taylor Swift,Lover,C:\Users\ChiYeon\OneDrive\Desktop\노래\
673,Taylor Swift,ME! (Feat. Brendon Urie of Panic! At The Disco) (Feat. Brendon Urie),C:\Users\ChiYeon\OneDrive\Desktop\노래\
674,Taylor Swift,New Year’s Day,C:\Users\ChiYeon\OneDrive\Desktop\노래\
675,Taylor Swift,Speak Now,C:\Users\ChiYeon\OneDrive\Desktop\노래\
676,Taylor Swift,the 1,C:\Users\ChiYeon\OneDrive\Desktop\노래\
677,Taylor Swift,The Man,C:\Users\ChiYeon\OneDrive\Desktop\노래\
678,Taylor Swift,White Horse,C:\Users\ChiYeon\OneDrive\Desktop\노래\
679,Taylor Swift,Wildest Dreams?(R3hab Remix),C:\Users\ChiYeon\OneDrive\Desktop\노래\
680,Taylor Swift,You Are In Love,C:\Users\ChiYeon\OneDrive\Desktop\노래\
681,Taylor Swift,You Belong With Me,C:\Users\ChiYeon\OneDrive\Desktop\노래\
682,Taylor Swift,You Need To Calm Down,C:\Users\ChiYeon\OneDrive\Desktop\노래\
683,The Beatles(비틀스),"Ob-La-Di, Ob-La-Da",C:\Users\ChiYeon\OneDrive\Desktop\노래\
684,The Beatles(비틀스),Hey Jude,C:\Users\ChiYeon\OneDrive\Desktop\노래\
685,The Beatles(비틀스),Let It Be (Remastered 2015),C:\Users\ChiYeon\OneDrive\Desktop\노래\
686,The Beatles,All You Need Is Love (Remastered 2015),C:\Users\ChiYeon\OneDrive\Desktop\노래\
687,The Beatles,Can't Buy Me Love (Remastered 2015),C:\Users\ChiYeon\OneDrive\Desktop\노래\
688,The Beatles,From Me To You (Mono  Remastered),C:\Users\ChiYeon\OneDrive\Desktop\노래\
689,The Beatles,Here Comes The Sun (Remastered 2009),C:\Users\ChiYeon\OneDrive\Desktop\노래\
690,The Beatles,I Want To Hold Your Hand (Remastered 2015),C:\Users\ChiYeon\OneDrive\Desktop\노래\
691,The Beatles,Something (Remastered 2015),C:\Users\ChiYeon\OneDrive\Desktop\노래\
692,The Beatles,We Can Work It Out (Remastered 2015),C:\Users\ChiYeon\OneDrive\Desktop\노래\
693,"The Chainsmokers,5 Seconds Of Summer",Who Do You Love,C:\Users\ChiYeon\OneDrive\Desktop\노래\
694,"The Chainsmokers,Coldplay",Something Just Like This,C:\Users\ChiYeon\OneDrive\Desktop\노래\
695,"The Chainsmokers,Drew Love",Somebody,C:\Users\ChiYeon\OneDrive\Desktop\노래\
696,"The Chainsmokers,illenium,Lennon Stella",Takeaway,C:\Users\ChiYeon\OneDrive\Desktop\노래\
697,The Chainsmokers,#SELFIE,C:\Users\ChiYeon\OneDrive\Desktop\노래\
698,The Chainsmokers,Roses (Feat. ROZES),C:\Users\ChiYeon\OneDrive\Desktop\노래\
699,The Chainsmokers,Sick Boy (Zaxx Remix),C:\Users\ChiYeon\OneDrive\Desktop\노래\
700,The Chainsmokers,Young (Midnight Kids Remix),C:\Users\ChiYeon\OneDrive\Desktop\노래\
701,The Chainsmokers,Side Effects (Feat. Emily Warren),C:\Users\ChiYeon\OneDrive\Desktop\노래\
702,The Chainsmokers,Closer (Feat. Halsey),C:\Users\ChiYeon\OneDrive\Desktop\노래\
703,The Chainsmokers,Paris,C:\Users\ChiYeon\OneDrive\Desktop\노래\
704,The Chainsmokers,Call You Mine,C:\Users\ChiYeon\OneDrive\Desktop\노래\
705,The Chainsmokers,Don't Let Me Down (Feat. Daya),C:\Users\ChiYeon\OneDrive\Desktop\노래\
706,The Chainsmokers,Family (With Kygo),C:\Users\ChiYeon\OneDrive\Desktop\노래\
707,The Chainsmokers,Kills You Slowly,C:\Users\ChiYeon\OneDrive\Desktop\노래\
708,The Chainsmokers,P.S. I Hope You're Happy,C:\Users\ChiYeon\OneDrive\Desktop\노래\
709,The Chainsmokers,This Feeling (Feat. Kelsea Ballerini),C:\Users\ChiYeon\OneDrive\Desktop\노래\
710,The Nuts,사랑의 바보,C:\Users\ChiYeon\OneDrive\Desktop\노래\
711,The Script,Hall Of Fame (Original Ver.),C:\Users\ChiYeon\OneDrive\Desktop\노래\
712,The Script,Nothing,C:\Users\ChiYeon\OneDrive\Desktop\노래\
713,The Script,The Man Who Can`t Be Moved,C:\Users\ChiYeon\OneDrive\Desktop\노래\
714,The Ting Tings,Shut Up And Let Me Go,C:\Users\ChiYeon\OneDrive\Desktop\노래\
715,The Vamps,Personal (Feat. Maggie Lindemann),C:\Users\ChiYeon\OneDrive\Desktop\노래\
716,The Vamps,Can We Dance (Radio Edit),C:\Users\ChiYeon\OneDrive\Desktop\노래\
717,The Vamps,Hair Too Long,C:\Users\ChiYeon\OneDrive\Desktop\노래\
718,The Vamps,Just My Type,C:\Users\ChiYeon\OneDrive\Desktop\노래\
719,The Vamps,Last Night,C:\Users\ChiYeon\OneDrive\Desktop\노래\
720,The Vamps,Oh Cecilia (Breaking My Heart) (Feat. Shawn Mendes),C:\Users\ChiYeon\OneDrive\Desktop\노래\
721,The Weeknd,Can't Feel My Face,C:\Users\ChiYeon\OneDrive\Desktop\노래\
722,The Weeknd,Blinding Lights,C:\Users\ChiYeon\OneDrive\Desktop\노래\
723,The Weeknd,In Your Eyes,C:\Users\ChiYeon\OneDrive\Desktop\노래\
724,The Weeknd,Scared To Live,C:\Users\ChiYeon\OneDrive\Desktop\노래\
725,The 포지션 임재욱,하루,C:\Users\ChiYeon\OneDrive\Desktop\노래\
726,Tinashe,Like I Used To,C:\Users\ChiYeon\OneDrive\Desktop\노래\
727,Tinashe,Player (Feat. Chris Brown),C:\Users\ChiYeon\OneDrive\Desktop\노래\
728,Tove Styrke,Sway,C:\Users\ChiYeon\OneDrive\Desktop\노래\
729,Tove Styrke,Mistakes,C:\Users\ChiYeon\OneDrive\Desktop\노래\
730,Train,Bulletproof Picasso,C:\Users\ChiYeon\OneDrive\Desktop\노래\
731,Train,Bruises,C:\Users\ChiYeon\OneDrive\Desktop\노래\
732,"Troye Sivan,Alessia Cara",WILD,C:\Users\ChiYeon\OneDrive\Desktop\노래\
733,Troye Sivan,Animal,C:\Users\ChiYeon\OneDrive\Desktop\노래\
734,Troye Sivan,My My My!,C:\Users\ChiYeon\OneDrive\Desktop\노래\
735,Troye Sivan,Fools,C:\Users\ChiYeon\OneDrive\Desktop\노래\
736,Troye Sivan,Bloom,C:\Users\ChiYeon\OneDrive\Desktop\노래\
737,Troye Sivan,Youth,C:\Users\ChiYeon\OneDrive\Desktop\노래\
738,Troye Sivan,BLUE?(Feat. Alex Hope),C:\Users\ChiYeon\OneDrive\Desktop\노래\
739,Troye Sivan,for him?(Feat. Allday),C:\Users\ChiYeon\OneDrive\Desktop\노래\
740,Troye Sivan,Strawberries & Cigarettes,C:\Users\ChiYeon\OneDrive\Desktop\노래\
741,Troye Sivan,The Good Side,C:\Users\ChiYeon\OneDrive\Desktop\노래\
742,Tungevaag & Raaban,Samsara (Feat. Emila),C:\Users\ChiYeon\OneDrive\Desktop\노래\
743,Twenty One Pilots,Stressed Out,C:\Users\ChiYeon\OneDrive\Desktop\노래\
744,Usher,DJ Got Us Fallin` In Love (Feat. Pitbull),C:\Users\ChiYeon\OneDrive\Desktop\노래\
745,Usher,I Don`t Mind (Feat. Juicy J),C:\Users\ChiYeon\OneDrive\Desktop\노래\
746,Usher,She Came To Give It To You (Dirty Ver.) (Feat. Nicki Minaj),C:\Users\ChiYeon\OneDrive\Desktop\노래\
747,Usher,Yeah!,C:\Users\ChiYeon\OneDrive\Desktop\노래\
748,Vanessa Carlton,A Thousand Miles,C:\Users\ChiYeon\OneDrive\Desktop\노래\
749,Walk The Moon,Shut Up And Dance ,C:\Users\ChiYeon\OneDrive\Desktop\노래\
750,Westlife,Home,C:\Users\ChiYeon\OneDrive\Desktop\노래\
751,Westlife,I Will Reach You,C:\Users\ChiYeon\OneDrive\Desktop\노래\
752,Westlife,My Love,C:\Users\ChiYeon\OneDrive\Desktop\노래\
753,Westlife,What About Now,C:\Users\ChiYeon\OneDrive\Desktop\노래\
754,Westlife,You Raise Me Up,C:\Users\ChiYeon\OneDrive\Desktop\노래\
755,Westlife,If I Let You Go,C:\Users\ChiYeon\OneDrive\Desktop\노래\
756,Westlife,Easy,C:\Users\ChiYeon\OneDrive\Desktop\노래\
757,Westlife,Change The World,C:\Users\ChiYeon\OneDrive\Desktop\노래\
758,Westlife,Uptown Girl,C:\Users\ChiYeon\OneDrive\Desktop\노래\
759,Wham!,Last Christmas (Single Ver.),C:\Users\ChiYeon\OneDrive\Desktop\노래\
760,Why Don't We,Mad At You,C:\Users\ChiYeon\OneDrive\Desktop\노래\
761,Why Don't We,What Am I,C:\Users\ChiYeon\OneDrive\Desktop\노래\
762,Why Don`t We,Talk,C:\Users\ChiYeon\OneDrive\Desktop\노래\
763,Why Don`t We,Tell Me,C:\Users\ChiYeon\OneDrive\Desktop\노래\
764,Wiz Khalifa,Gin & Drugs (Feat. Problem),C:\Users\ChiYeon\OneDrive\Desktop\노래\
765,Yakul,Realigned,C:\Users\ChiYeon\OneDrive\Desktop\노래\
766,"YB,박정현",회상,C:\Users\ChiYeon\OneDrive\Desktop\노래\
767,ZAYN,Let Me,C:\Users\ChiYeon\OneDrive\Desktop\노래\
768,"Zedd,Alessia Cara",Stay,C:\Users\ChiYeon\OneDrive\Desktop\노래\
769,"Zedd,Grey,Maren Morris",The Middle,C:\Users\ChiYeon\OneDrive\Desktop\노래\
770,Zion.T,꺼내 먹어요,C:\Users\ChiYeon\OneDrive\Desktop\노래\
771,Zion.T,양화대교,C:\Users\ChiYeon\OneDrive\Desktop\노래\
772,"가인,조형우",Brunch,C:\Users\ChiYeon\OneDrive\Desktop\노래\
773,가인,Apple (Feat. 박재범),C:\Users\ChiYeon\OneDrive\Desktop\노래\
774,가인,진실 혹은 대담,C:\Users\ChiYeon\OneDrive\Desktop\노래\
775,가인,Carnival (The Last Day),C:\Users\ChiYeon\OneDrive\Desktop\노래\
776,가인,열두 시가 되면,C:\Users\ChiYeon\OneDrive\Desktop\노래\
777,가인,피어나,C:\Users\ChiYeon\OneDrive\Desktop\노래\
778,개코,바빠서 (Feat. 헤이즈),C:\Users\ChiYeon\OneDrive\Desktop\노래\
779,거북이,비행기,C:\Users\ChiYeon\OneDrive\Desktop\노래\
780,공기남녀,끌림,C:\Users\ChiYeon\OneDrive\Desktop\노래\
781,규현(KYUHYUN),광화문에서 (At Gwanghwamun),C:\Users\ChiYeon\OneDrive\Desktop\노래\
782,규현(KYUHYUN),여전히 아늑해 (Prod.by 성시경) (Still),C:\Users\ChiYeon\OneDrive\Desktop\노래\
783,규현(KYUHYUN),피아노 숲 (Piano Forest),C:\Users\ChiYeon\OneDrive\Desktop\노래\
784,규현(KYUHYUN),그냥 보고 싶어 그래 (Because I Miss You),C:\Users\ChiYeon\OneDrive\Desktop\노래\
785,규현,희망은 잠들지 않는 꿈,C:\Users\ChiYeon\OneDrive\Desktop\노래\
786,"기리보이,Kid Milli,NO;EL,스윙스(Swings)",flex (Prod. By 기리보이),C:\Users\ChiYeon\OneDrive\Desktop\노래\
787,"길구봉구,박보람",#결별,C:\Users\ChiYeon\OneDrive\Desktop\노래\
788,길구봉구,뭘해도 예쁜걸,C:\Users\ChiYeon\OneDrive\Desktop\노래\
789,길구봉구,쉬는 날,C:\Users\ChiYeon\OneDrive\Desktop\노래\
790,"김범수,박정현",하얀 겨울,C:\Users\ChiYeon\OneDrive\Desktop\노래\
791,김범수,보고 싶다,C:\Users\ChiYeon\OneDrive\Desktop\노래\
792,김범수,지나간다,C:\Users\ChiYeon\OneDrive\Desktop\노래\
793,"김진표,요조",좋아해,C:\Users\ChiYeon\OneDrive\Desktop\노래\
794,김태우,꿈을 꾸다 (Main Ver.),C:\Users\ChiYeon\OneDrive\Desktop\노래\
795,김태우,사랑비,C:\Users\ChiYeon\OneDrive\Desktop\노래\
796,김태우,하고 싶은 말,C:\Users\ChiYeon\OneDrive\Desktop\노래\
797,김희철X민경훈,나비잠 (Sweet Dream),C:\Users\ChiYeon\OneDrive\Desktop\노래\
798,나얼,같은 시간 속의 너,C:\Users\ChiYeon\OneDrive\Desktop\노래\
799,나얼,바람기억,C:\Users\ChiYeon\OneDrive\Desktop\노래\
800,넬,기억을 걷는 시간,C:\Users\ChiYeon\OneDrive\Desktop\노래\
801,노리플라이,natural,C:\Users\ChiYeon\OneDrive\Desktop\노래\
802,노리플라이,그대 걷던 길,C:\Users\ChiYeon\OneDrive\Desktop\노래\
803,노을,늦은 얘기들,C:\Users\ChiYeon\OneDrive\Desktop\노래\
804,노을,밤이 오는 거리 (Feat. 다이나믹듀오),C:\Users\ChiYeon\OneDrive\Desktop\노래\
805,노을,사랑이라면,C:\Users\ChiYeon\OneDrive\Desktop\노래\
806,노을,잊혀진다는 거,C:\Users\ChiYeon\OneDrive\Desktop\노래\
807,노을,하지 못한 말,C:\Users\ChiYeon\OneDrive\Desktop\노래\
808,뉴이스트 W,있다면,C:\Users\ChiYeon\OneDrive\Desktop\노래\
809,다비치,나에게 넌,C:\Users\ChiYeon\OneDrive\Desktop\노래\
810,다비치,두사랑 (Feat. 매드클라운),C:\Users\ChiYeon\OneDrive\Desktop\노래\
811,다비치,너에게 못했던 내 마지막 말은,C:\Users\ChiYeon\OneDrive\Desktop\노래\
812,"다이나믹 듀오(Dynamic Duo),박정현",싱숭생숭 (SsSs),C:\Users\ChiYeon\OneDrive\Desktop\노래\
813,다이나믹 듀오(Dynamic Duo),죽일 놈 (Guilty),C:\Users\ChiYeon\OneDrive\Desktop\노래\
814,디셈버(December),Mother,C:\Users\ChiYeon\OneDrive\Desktop\노래\
815,디셈버(December),안녕,C:\Users\ChiYeon\OneDrive\Desktop\노래\
816,디셈버(December),후에,C:\Users\ChiYeon\OneDrive\Desktop\노래\
817,뜨거운 감자,고백,C:\Users\ChiYeon\OneDrive\Desktop\노래\
818,러브홀릭,인형의 꿈,C:\Users\ChiYeon\OneDrive\Desktop\노래\
819,로꼬,시간이 들겠지 (Feat. Colde),C:\Users\ChiYeon\OneDrive\Desktop\노래\
820,로꼬,지나쳐 (Feat. DEAN),C:\Users\ChiYeon\OneDrive\Desktop\노래\
821,리쌍,"헤어지지 못하는 여자, 떠나가지 못하는 남자 (Feat. 정인)",C:\Users\ChiYeon\OneDrive\Desktop\노래\
822,린(LYn),오늘 밤 (Feat. 배치기),C:\Users\ChiYeon\OneDrive\Desktop\노래\
823,마마무(Mamamoo),I Miss You,C:\Users\ChiYeon\OneDrive\Desktop\노래\
824,먼데이 키즈,미행,C:\Users\ChiYeon\OneDrive\Desktop\노래\
825,먼데이 키즈,이 밤이 지나면,C:\Users\ChiYeon\OneDrive\Desktop\노래\
826,먼데이 키즈,이런 남자,C:\Users\ChiYeon\OneDrive\Desktop\노래\
827,먼데이키즈(Monday Kiz),가을 안부,C:\Users\ChiYeon\OneDrive\Desktop\노래\
828,먼데이키즈(Monday Kiz),너의 목소리,C:\Users\ChiYeon\OneDrive\Desktop\노래\
829,먼데이키즈(Monday Kiz),누군가를 떠나 보낸다는 건,C:\Users\ChiYeon\OneDrive\Desktop\노래\
830,먼데이키즈(Monday Kiz),하기 싫은 말,C:\Users\ChiYeon\OneDrive\Desktop\노래\
831,바닐라 어쿠스틱(Vanilla Acoustic),Blind Date  (Feat. 헤이즈),C:\Users\ChiYeon\OneDrive\Desktop\노래\
832,바닐라 어쿠스틱(Vanilla Acoustic),나 요즘,C:\Users\ChiYeon\OneDrive\Desktop\노래\
833,바닐라 어쿠스틱(Vanilla Acoustic),대화가 필요해,C:\Users\ChiYeon\OneDrive\Desktop\노래\
834,바닐라 어쿠스틱(Vanilla Acoustic),좋아해,C:\Users\ChiYeon\OneDrive\Desktop\노래\
835,바닐라 어쿠스틱(Vanilla Acoustic),그런 사람 (Hello),C:\Users\ChiYeon\OneDrive\Desktop\노래\
836,바닐라 어쿠스틱(Vanilla Acoustic),놀아줘요,C:\Users\ChiYeon\OneDrive\Desktop\노래\
837,박재범,Dank,C:\Users\ChiYeon\OneDrive\Desktop\노래\
838,박재범,V,C:\Users\ChiYeon\OneDrive\Desktop\노래\
839,박재범,"All I Wanna Do (K)  (Feat. Hoody, Loco)",C:\Users\ChiYeon\OneDrive\Desktop\노래\
840,"박정현,플라이 투 더 스카이",겨울이야기,C:\Users\ChiYeon\OneDrive\Desktop\노래\
841,박효신,Gift,C:\Users\ChiYeon\OneDrive\Desktop\노래\
842,박효신,나처럼,C:\Users\ChiYeon\OneDrive\Desktop\노래\
843,박효신,숨,C:\Users\ChiYeon\OneDrive\Desktop\노래\
844,박효신,안녕 사랑아,C:\Users\ChiYeon\OneDrive\Desktop\노래\
845,박효신,야생화,C:\Users\ChiYeon\OneDrive\Desktop\노래\
846,박효신,이상하다 (Acoustic Ver.),C:\Users\ChiYeon\OneDrive\Desktop\노래\
847,박효신,눈의 꽃,C:\Users\ChiYeon\OneDrive\Desktop\노래\
848,박효신,동경,C:\Users\ChiYeon\OneDrive\Desktop\노래\
849,박효신,사랑이 고프다 (I Promise You),C:\Users\ChiYeon\OneDrive\Desktop\노래\
850,박효신,사랑한 후에,C:\Users\ChiYeon\OneDrive\Desktop\노래\
851,박효신,추억은 사랑을 닮아,C:\Users\ChiYeon\OneDrive\Desktop\노래\
852,박효신,그곳에 서서,C:\Users\ChiYeon\OneDrive\Desktop\노래\
853,박효신,Beautiful Tomorrow,C:\Users\ChiYeon\OneDrive\Desktop\노래\
854,박효신,그립고… 그리운…,C:\Users\ChiYeon\OneDrive\Desktop\노래\
855,박효신,친구라는 건 (Feat. 김범수),C:\Users\ChiYeon\OneDrive\Desktop\노래\
856,박효신,널 사랑한다,C:\Users\ChiYeon\OneDrive\Desktop\노래\
857,박효신,좋은 사람,C:\Users\ChiYeon\OneDrive\Desktop\노래\
858,배치기,눈물샤워 (Feat. 에일리),C:\Users\ChiYeon\OneDrive\Desktop\노래\
859,배치기,"안녕,기타 (Feat. 임한별)",C:\Users\ChiYeon\OneDrive\Desktop\노래\
860,백아연,그냥 한번 (Feat. JB Of GOT7),C:\Users\ChiYeon\OneDrive\Desktop\노래\
861,백아연,느린노래,C:\Users\ChiYeon\OneDrive\Desktop\노래\
862,백아연,쏘쏘,C:\Users\ChiYeon\OneDrive\Desktop\노래\
863,백아연,이럴거면 그러지말지 (Feat. Young K),C:\Users\ChiYeon\OneDrive\Desktop\노래\
864,백예린,Popo (How deep is our love),C:\Users\ChiYeon\OneDrive\Desktop\노래\
865,백예린,Square (2017),C:\Users\ChiYeon\OneDrive\Desktop\노래\
866,버즈,겁쟁이,C:\Users\ChiYeon\OneDrive\Desktop\노래\
867,버즈,넌 살아있다,C:\Users\ChiYeon\OneDrive\Desktop\노래\
868,버즈,은인,C:\Users\ChiYeon\OneDrive\Desktop\노래\
869,버즈,남자를 몰라,C:\Users\ChiYeon\OneDrive\Desktop\노래\
870,버즈,가시,C:\Users\ChiYeon\OneDrive\Desktop\노래\
871,버즈,나에게로 떠나는 여행,C:\Users\ChiYeon\OneDrive\Desktop\노래\
872,별,귀여워 (With 권정열 of 10cm),C:\Users\ChiYeon\OneDrive\Desktop\노래\
873,볼빨간 사춘기,우주를 줄게,C:\Users\ChiYeon\OneDrive\Desktop\노래\
874,볼빨간 사춘기,You(=I),C:\Users\ChiYeon\OneDrive\Desktop\노래\
875,볼빨간 사춘기,심술,C:\Users\ChiYeon\OneDrive\Desktop\노래\
876,볼빨간사춘기,#첫사랑,C:\Users\ChiYeon\OneDrive\Desktop\노래\
877,볼빨간사춘기,여행,C:\Users\ChiYeon\OneDrive\Desktop\노래\
878,볼빨간사춘기,"나만, 봄",C:\Users\ChiYeon\OneDrive\Desktop\노래\
879,볼빨간사춘기,나비와 고양이 (Feat. 백현 (BAEKHYUN)),C:\Users\ChiYeon\OneDrive\Desktop\노래\
880,볼빨간사춘기,워커홀릭,C:\Users\ChiYeon\OneDrive\Desktop\노래\
881,브라운 아이드 소울,Love Ballad,C:\Users\ChiYeon\OneDrive\Desktop\노래\
882,브라운 아이드 소울,My Story,C:\Users\ChiYeon\OneDrive\Desktop\노래\
883,브라운 아이드 소울,그런사람이기를,C:\Users\ChiYeon\OneDrive\Desktop\노래\
884,브라운 아이즈,비오는 압구정,C:\Users\ChiYeon\OneDrive\Desktop\노래\
885,"브라운클래식(BrownClassic),에릭,요조",Nostalgia,C:\Users\ChiYeon\OneDrive\Desktop\노래\
886,빈지노(Beenzino),Break,C:\Users\ChiYeon\OneDrive\Desktop\노래\
887,빈지노(Beenzino),"Dali, Van, Picasso",C:\Users\ChiYeon\OneDrive\Desktop\노래\
888,빈지노(Beenzino),Nike Shoes (Feat. Dynamic Duo),C:\Users\ChiYeon\OneDrive\Desktop\노래\
889,빈지노(Beenzino),Up up and away (Prod by Shimmy Twice),C:\Users\ChiYeon\OneDrive\Desktop\노래\
890,빈지노(Beenzino),Boogie On & On,C:\Users\ChiYeon\OneDrive\Desktop\노래\
891,빈지노(Beenzino),Aqua Man,C:\Users\ChiYeon\OneDrive\Desktop\노래\
892,빈지노(Beenzino),If I Die Tomorrow,C:\Users\ChiYeon\OneDrive\Desktop\노래\
893,"산이(San E),레이나",달고나,C:\Users\ChiYeon\OneDrive\Desktop\노래\
894,"산이(San E),레이나",한여름밤의 꿀,C:\Users\ChiYeon\OneDrive\Desktop\노래\
895,산이(San E),아는사람 얘기,C:\Users\ChiYeon\OneDrive\Desktop\노래\
896,서인국,봄 타나봐 (BOMTANABA),C:\Users\ChiYeon\OneDrive\Desktop\노래\
897,서태지,Moai,C:\Users\ChiYeon\OneDrive\Desktop\노래\
898,"성시경,박효신,이석훈,서인국,빅스(VIXX)",크리스마스니까,C:\Users\ChiYeon\OneDrive\Desktop\노래\
899,"성시경,아이유(IU)",그대네요 (With 아이유),C:\Users\ChiYeon\OneDrive\Desktop\노래\
900,성시경,거리에서,C:\Users\ChiYeon\OneDrive\Desktop\노래\
901,성시경,선인장,C:\Users\ChiYeon\OneDrive\Desktop\노래\
902,성시경,안녕 나의 사랑,C:\Users\ChiYeon\OneDrive\Desktop\노래\
903,성시경,좋을텐데,C:\Users\ChiYeon\OneDrive\Desktop\노래\
904,소유(SOYOU),기우는 밤 (PROD. 프라이머리) (Feat. 긱스),C:\Users\ChiYeon\OneDrive\Desktop\노래\
905,소유(SOYOU),좋은 사람 (PROD. 구름),C:\Users\ChiYeon\OneDrive\Desktop\노래\
906,"소유,기리보이(Giriboy)",팔베개 (Pillow) (Feat. 기현),C:\Users\ChiYeon\OneDrive\Desktop\노래\
907,숀 (SHAUN),DREAM,C:\Users\ChiYeon\OneDrive\Desktop\노래\
908,숀 (SHAUN),Way Back Home,C:\Users\ChiYeon\OneDrive\Desktop\노래\
909,"수지(Suzy),백현(BAEKHYUN)",Dream,C:\Users\ChiYeon\OneDrive\Desktop\노래\
910,"수퍼비,UNEDUCATED KID,트웰브 (twlv),Yuzion",Summer!,C:\Users\ChiYeon\OneDrive\Desktop\노래\
911,"슈프림팀(Supreme Team),영준",그땐 그땐 그땐,C:\Users\ChiYeon\OneDrive\Desktop\노래\
912,스탠딩 에그(Standing Egg),네 생각 나더라,C:\Users\ChiYeon\OneDrive\Desktop\노래\
913,스탠딩 에그(Standing Egg),뚝뚝뚝 (with 예슬),C:\Users\ChiYeon\OneDrive\Desktop\노래\
914,스탠딩 에그(Standing Egg),여름밤에 우린,C:\Users\ChiYeon\OneDrive\Desktop\노래\
915,스탠딩 에그(Standing Egg),"그래, 너",C:\Users\ChiYeon\OneDrive\Desktop\노래\
916,"식케이 (Sik-K),pH-1,박재범",iffy (Prod. GroovyRoom),C:\Users\ChiYeon\OneDrive\Desktop\노래\
917,"식케이 (Sik-K),릴보이 (lIlBOI),지구인","RESPECT (Feat. 로꼬, GRAY & DJ Pumkin)",C:\Users\ChiYeon\OneDrive\Desktop\노래\
918,식케이 (Sik-K),party (SHUT DOWN) (Feat. 크러쉬),C:\Users\ChiYeon\OneDrive\Desktop\노래\
919,식케이 (Sik-K),RING RING (Feat. 개코),C:\Users\ChiYeon\OneDrive\Desktop\노래\
920,"신용재(포맨),이해리(다비치)",니가 빈 자리,C:\Users\ChiYeon\OneDrive\Desktop\노래\
921,씨스타,SHAKE IT,C:\Users\ChiYeon\OneDrive\Desktop\노래\
922,아이유(IU),금요일에 만나요 (Feat. 장이정 of HISTORY),C:\Users\ChiYeon\OneDrive\Desktop\노래\
923,아이유(IU),마음,C:\Users\ChiYeon\OneDrive\Desktop\노래\
924,아이유(IU),밤편지,C:\Users\ChiYeon\OneDrive\Desktop\노래\
925,아이유(IU),비밀,C:\Users\ChiYeon\OneDrive\Desktop\노래\
926,아이유(IU),Rain Drop,C:\Users\ChiYeon\OneDrive\Desktop\노래\
927,아이유(IU),푸르던,C:\Users\ChiYeon\OneDrive\Desktop\노래\
928,아이유,Love poem,C:\Users\ChiYeon\OneDrive\Desktop\노래\
929,아이유,가을 아침,C:\Users\ChiYeon\OneDrive\Desktop\노래\
930,어반 자카파(Urban Zakapa),Like A Bird,C:\Users\ChiYeon\OneDrive\Desktop\노래\
931,어반 자카파(Urban Zakapa),거꾸로 걷는다,C:\Users\ChiYeon\OneDrive\Desktop\노래\
932,어반 자카파(Urban Zakapa),그날에 우리,C:\Users\ChiYeon\OneDrive\Desktop\노래\
933,어반 자카파(Urban Zakapa),혼자,C:\Users\ChiYeon\OneDrive\Desktop\노래\
934,어반 자카파,또 다른 너,C:\Users\ChiYeon\OneDrive\Desktop\노래\
935,어쿠스틱 콜라보,"그대와 나, 설레임 (Feat. 소울맨)",C:\Users\ChiYeon\OneDrive\Desktop\노래\
936,어쿠스틱 콜라보,널 좋아하나봐,C:\Users\ChiYeon\OneDrive\Desktop\노래\
937,에디킴,내 입술 따뜻한 커피처럼 (Feat. 이성경),C:\Users\ChiYeon\OneDrive\Desktop\노래\
938,"에릭남,소미","유후 (You, Who)",C:\Users\ChiYeon\OneDrive\Desktop\노래\
939,"에릭남,웬디",봄인가 봐 (Spring Love),C:\Users\ChiYeon\OneDrive\Desktop\노래\
940,"에릭남,치즈(CHEEZE)",Perhaps Love (사랑인가요) (Prod. By 박근태),C:\Users\ChiYeon\OneDrive\Desktop\노래\
941,에릭남,DREAM (Feat. 박지민 of 15&),C:\Users\ChiYeon\OneDrive\Desktop\노래\
942,에일리,If You,C:\Users\ChiYeon\OneDrive\Desktop\노래\
943,에일리,너나 잘해,C:\Users\ChiYeon\OneDrive\Desktop\노래\
944,에일리,손대지마,C:\Users\ChiYeon\OneDrive\Desktop\노래\
945,에일리,첫눈처럼 너에게 가겠다,C:\Users\ChiYeon\OneDrive\Desktop\노래\
946,에일리,저녁 하늘,C:\Users\ChiYeon\OneDrive\Desktop\노래\
947,에일리,U & I,C:\Users\ChiYeon\OneDrive\Desktop\노래\
948,에픽하이 (EPIK HIGH),연애소설 (Feat. 아이유),C:\Users\ChiYeon\OneDrive\Desktop\노래\
949,에픽하이 (EPIK HIGH),빈차 (Feat. 오혁),C:\Users\ChiYeon\OneDrive\Desktop\노래\
950,에픽하이,춥다 (Feat. 이하이),C:\Users\ChiYeon\OneDrive\Desktop\노래\
951,에픽하이,Love Love Love (Feat. Yoong Jin of Casker),C:\Users\ChiYeon\OneDrive\Desktop\노래\
952,엠씨더맥스 (M.C the MAX),One Love,C:\Users\ChiYeon\OneDrive\Desktop\노래\
953,엠씨더맥스 (M.C the MAX),잠시만 안녕 (Original),C:\Users\ChiYeon\OneDrive\Desktop\노래\
954,엠씨더맥스 (M.C the MAX),처음처럼,C:\Users\ChiYeon\OneDrive\Desktop\노래\
955,영준,꽃보다 그대가 (Feat. Simon D),C:\Users\ChiYeon\OneDrive\Desktop\노래\
956,오왠(O.WHEN),오늘,C:\Users\ChiYeon\OneDrive\Desktop\노래\
957,우원재,시차 (We Are) (Feat. 로꼬 & GRAY),C:\Users\ChiYeon\OneDrive\Desktop\노래\
958,"우현,심규선(Lucia)",선인장 (Duet),C:\Users\ChiYeon\OneDrive\Desktop\노래\
959,유주,Love Rain (Feat. 수란),C:\Users\ChiYeon\OneDrive\Desktop\노래\
960,윤도현,"요즘 내 모습 (Feat. 타블로, 케이윌)",C:\Users\ChiYeon\OneDrive\Desktop\노래\
961,"윤종신,곽진언,김필",지친 하루,C:\Users\ChiYeon\OneDrive\Desktop\노래\
962,윤하,Take Five,C:\Users\ChiYeon\OneDrive\Desktop\노래\
963,윤하,우산,C:\Users\ChiYeon\OneDrive\Desktop\노래\
964,윤하,종이비행기 (Hello) (Feat. pH-1),C:\Users\ChiYeon\OneDrive\Desktop\노래\
965,윤하,혜성,C:\Users\ChiYeon\OneDrive\Desktop\노래\
966,윤하,Parade,C:\Users\ChiYeon\OneDrive\Desktop\노래\
967,윤하,없던 일처럼,C:\Users\ChiYeon\OneDrive\Desktop\노래\
968,윤하,Airplane mode,C:\Users\ChiYeon\OneDrive\Desktop\노래\
969,윤하,연애조건,C:\Users\ChiYeon\OneDrive\Desktop\노래\
970,윤하,기다리다,C:\Users\ChiYeon\OneDrive\Desktop\노래\
971,윤하, ほうき星 (혜성) (Album Mix Ver.),C:\Users\ChiYeon\OneDrive\Desktop\노래\
972,이루,흰눈,C:\Users\ChiYeon\OneDrive\Desktop\노래\
973,이선희,그 중에 그대를 만나,C:\Users\ChiYeon\OneDrive\Desktop\노래\
974,이선희,인연 (동녘바람),C:\Users\ChiYeon\OneDrive\Desktop\노래\
975,이성경X이루리,잠이 안 와,C:\Users\ChiYeon\OneDrive\Desktop\노래\
976,이성경X이루리,내 맘이 자꾸 왜 이래,C:\Users\ChiYeon\OneDrive\Desktop\노래\
977,이수 (엠씨더맥스),사랑해요,C:\Users\ChiYeon\OneDrive\Desktop\노래\
978,이수(엠씨더맥스),My Way (1),C:\Users\ChiYeon\OneDrive\Desktop\노래\
979,이적,그땐 미처 알지 못했지,C:\Users\ChiYeon\OneDrive\Desktop\노래\
980,이하이,한숨,C:\Users\ChiYeon\OneDrive\Desktop\노래\
981,임현정,사랑은 봄비처럼,C:\Users\ChiYeon\OneDrive\Desktop\노래\
982,잔나비,주저하는 연인들을 위해,C:\Users\ChiYeon\OneDrive\Desktop\노래\
983,장범준,흔들리는 꽃들 속에서 네 샴푸향이 느껴진거야,C:\Users\ChiYeon\OneDrive\Desktop\노래\
984,정기고(Junggigo),Timeline (Feat. 보이비) (PROD. 프라이머리),C:\Users\ChiYeon\OneDrive\Desktop\노래\
985,"정인,개리",사람냄새,C:\Users\ChiYeon\OneDrive\Desktop\노래\
986,정키(JungKey),홀로 (Feat. 김나영),C:\Users\ChiYeon\OneDrive\Desktop\노래\
987,제이플라,All Falls Down,C:\Users\ChiYeon\OneDrive\Desktop\노래\
988,조정석,아로하,C:\Users\ChiYeon\OneDrive\Desktop\노래\
989,존 박,네 생각,C:\Users\ChiYeon\OneDrive\Desktop\노래\
990,주니엘(JUNIEL),물고기자리,C:\Users\ChiYeon\OneDrive\Desktop\노래\
991,지코 (ZICO),SoulMate (Feat. 아이유),C:\Users\ChiYeon\OneDrive\Desktop\노래\
992,지코 (ZICO),아무노래,C:\Users\ChiYeon\OneDrive\Desktop\노래\
993,지코(ZICO),Boys And Girls (Feat. Babylon),C:\Users\ChiYeon\OneDrive\Desktop\노래\
994,지코(ZICO),유레카 (Feat. Zion.T),C:\Users\ChiYeon\OneDrive\Desktop\노래\
995,창모(CHANGMO),아름다워,C:\Users\ChiYeon\OneDrive\Desktop\노래\
996,치즈(CHEEZE),어떨까 넌,C:\Users\ChiYeon\OneDrive\Desktop\노래\
997,칸토,눈보다 먼저 (Feat. 애즈원),C:\Users\ChiYeon\OneDrive\Desktop\노래\
998,"케이윌(K.will),전우성",향수,C:\Users\ChiYeon\OneDrive\Desktop\노래\
999,케이윌(K.will),1초에 한방울 (Feat. 다이나믹듀오),C:\Users\ChiYeon\OneDrive\Desktop\노래\
1000,케이윌(K.will),Love Blossom (러브블러썸),C:\Users\ChiYeon\OneDrive\Desktop\노래\
1001,케이윌(K.will),그립고 그립고 그립다,C:\Users\ChiYeon\OneDrive\Desktop\노래\
1002,케이윌(K.will),니가 필요해 (I Need You),C:\Users\ChiYeon\OneDrive\Desktop\노래\
1003,케이윌(K.will),가슴이 뛴다,C:\Users\ChiYeon\OneDrive\Desktop\노래\
1004,케이윌(K.will),눈물이 뚝뚝,C:\Users\ChiYeon\OneDrive\Desktop\노래\
1005,케이윌(K.will),이러지마 제발 (Please Don`t,C:\Users\ChiYeon\OneDrive\Desktop\노래\
1006,"케이윌,매드 클라운(Mad Clown)",그게 뭐라고,C:\Users\ChiYeon\OneDrive\Desktop\노래\
1007,"케이윌,백현(BAEKHYUN)",The Day,C:\Users\ChiYeon\OneDrive\Desktop\노래\
1008,케이윌,안녕 가을,C:\Users\ChiYeon\OneDrive\Desktop\노래\
1009,케이윌,말해! 뭐해,C:\Users\ChiYeon\OneDrive\Desktop\노래\
1010,"크러쉬(CRUSH),로꼬(LOCO)",아마도 그건,C:\Users\ChiYeon\OneDrive\Desktop\노래\
1011,크러쉬(CRUSH),Stevie Wonderlust (With Band Wonderlust),C:\Users\ChiYeon\OneDrive\Desktop\노래\
1012,크러쉬(CRUSH),내 편이 돼줘,C:\Users\ChiYeon\OneDrive\Desktop\노래\
1013,크러쉬(CRUSH),마지막 축제 (With Band Wonderlust),C:\Users\ChiYeon\OneDrive\Desktop\노래\
1014,크러쉬(CRUSH),Oasis (Feat. ZICO),C:\Users\ChiYeon\OneDrive\Desktop\노래\
1015,크러쉬(CRUSH),Cereal (Feat. ZICO),C:\Users\ChiYeon\OneDrive\Desktop\노래\
1016,크러쉬(CRUSH),Whatever You Do (Feat. Gray),C:\Users\ChiYeon\OneDrive\Desktop\노래\
1017,킬라그램 (KILLAGRAMZ),"어디 (Feat. DEAN, ZICO)",C:\Users\ChiYeon\OneDrive\Desktop\노래\
1018,타린,커피 엔딩,C:\Users\ChiYeon\OneDrive\Desktop\노래\
1019,태연 (TAEYEON),11;11,C:\Users\ChiYeon\OneDrive\Desktop\노래\
1020,태연(TAEYEON),Rain,C:\Users\ChiYeon\OneDrive\Desktop\노래\
1021,태일(블락비),좋아한다 안 한다 (Duet 세정 of 구구단) (Prod. 박경),C:\Users\ChiYeon\OneDrive\Desktop\노래\
1022,테이크(Take),WHY,C:\Users\ChiYeon\OneDrive\Desktop\노래\
1023,테이크(Take),어느 봄날에,C:\Users\ChiYeon\OneDrive\Desktop\노래\
1024,테이크(Take),나비무덤 (2015),C:\Users\ChiYeon\OneDrive\Desktop\노래\
1025,토이,세 사람 (With 성시경),C:\Users\ChiYeon\OneDrive\Desktop\노래\
1026,토이,"U & I (With Crush, 빈지노)",C:\Users\ChiYeon\OneDrive\Desktop\노래\
1027,토이,"인생은 아름다워 (With 다이나믹듀오, Zion.T, Crush)",C:\Users\ChiYeon\OneDrive\Desktop\노래\
1028,투빅(2BiC),니꺼내꺼,C:\Users\ChiYeon\OneDrive\Desktop\노래\
1029,투빅(2BiC),함께 걷는 길,C:\Users\ChiYeon\OneDrive\Desktop\노래\
1030,투빅(2BiC),요즘 바쁜가봐,C:\Users\ChiYeon\OneDrive\Desktop\노래\
1031,포맨(4Men),Hello!,C:\Users\ChiYeon\OneDrive\Desktop\노래\
1032,"포스트맨,공기남녀",설렘 is,C:\Users\ChiYeon\OneDrive\Desktop\노래\
1033,포스트맨,그리워 그리워하다,C:\Users\ChiYeon\OneDrive\Desktop\노래\
1034,포스트맨,신촌을 못가,C:\Users\ChiYeon\OneDrive\Desktop\노래\
1035,포스트맨,커피 한잔 할까,C:\Users\ChiYeon\OneDrive\Desktop\노래\
1036,폴킴,"모든 날, 모든 순간 (Every day, Every Moment)",C:\Users\ChiYeon\OneDrive\Desktop\노래\
1037,폴킴,있잖아,C:\Users\ChiYeon\OneDrive\Desktop\노래\
1038,프라이머리(Primary),자니 (Feat. DYNAMICDUO),C:\Users\ChiYeon\OneDrive\Desktop\노래\
1039,프라이머리(Primary),"조만간 봐요 (Feat. BSK, 개코)",C:\Users\ChiYeon\OneDrive\Desktop\노래\
1040,프라이머리(Primary),머리 세웠어 (Feat. 정기고),C:\Users\ChiYeon\OneDrive\Desktop\노래\
1041,플라이 투 더 스카이,너를 너를 너를,C:\Users\ChiYeon\OneDrive\Desktop\노래\
1042,"허각,지아(Zia)",I Need You,C:\Users\ChiYeon\OneDrive\Desktop\노래\
1043,"헨리,소유",우리 둘 (Runnin`),C:\Users\ChiYeon\OneDrive\Desktop\노래\
